date,state,death,deathConfirmed,deathIncrease,deathProbable,hospitalized,hospitalizedCumulative,hospitalizedCurrently,hospitalizedIncrease,inIcuCumulative,inIcuCurrently,negative,negativeIncrease,negativeTestsAntibody,negativeTestsPeopleAntibody,negativeTestsViral,onVentilatorCumulative,onVentilatorCurrently,positive,positiveCasesViral,positiveIncrease,positiveScore,positiveTestsAntibody,positiveTestsAntigen,positiveTestsPeopleAntibody,positiveTestsPeopleAntigen,positiveTestsViral,recovered,recoverdIncremental,totalTestEncountersViral,totalTestEncountersViralIncrease,totalTestResults,totalTestResultsIncrease,totalTestsAntibody,totalTestsAntigen,totalTestsPeopleAntibody,totalTestsPeopleAntigen,totalTestsPeopleViral,totalTestsPeopleViralIncrease,totalTestsViral,totalTestsViralIncrease
3/7/21,TX,44451,,84,,,,4721,0,,1463,,0,,,,,,2686818,2320857,2953,0,159003,211014,,,2628176,2502609,10856,,0,19907384,76040,1033285,2664340,,,,0,19907384,76040
3/6/21,TX,44367,,233,,,,4921,0,,1503,,0,,,,,,2683865,2318522,5570,0,157037,211546,,,2622781,2491753,21445,,0,19831344,11292,1025375,2630435,,,,0,19831344,11292
3/5/21,TX,44134,,256,,,,5065,0,,1530,,0,,,,,,2678295,2314187,6853,0,156198,210359,,,2622199,2470308,11490,,0,19820052,55875,1025537,2624414,,,,0,19820052,55875
3/4/21,TX,43878,,315,,,,5263,0,,1599,,0,,,,,,2671442,2309124,8028,0,155146,208427,,,2618057,2458818,8589,,0,19764177,56522,1022798,2606279,,,,0,19764177,56522
3/3/21,TX,43563,,297,,,,5508,0,,1713,,0,,,,,,2663414,2304081,7822,0,154259,206875,,,2613982,2450229,8407,,0,19707655,64597,1020452,2564354,,,,0,19707655,64597
3/2/21,TX,43266,,271,,,,5644,0,,1728,,0,,,,,,2655592,2297878,7747,0,153487,205481,,,2608239,2441822,12369,,0,19643058,47847,1018098,2543010,,,,0,19643058,47847
3/1/21,TX,42995,,59,,,,5611,0,,1747,,0,,,,,,2647845,2292097,3821,0,153078,199506,,,2604373,2429453,7084,,0,19595211,37529,1016619,2481635,,,,0,19595211,37529
2/28/21,TX,42936,,197,,,,5696,0,,1740,,0,,,,,,2644024,2287135,3815,0,152353,199343,,,2600487,2422369,4784,,0,19557682,68999,1014806,2477824,,,,0,19557682,68999
2/27/21,TX,42739,,164,,,,5912,0,,1813,,0,,,,,,2640209,2284059,11073,0,151216,198869,,,2594731,2417585,24017,,0,19488683,62170,1011849,2451395,,,,0,19488683,62170
2/26/21,TX,42575,,290,,,,6185,0,,1839,,0,,,,,,2629136,2275506,7955,0,150153,197877,,,2588505,2393568,13273,,0,19426513,68600,1008485,2420865,,,,0,19426513,68600
2/25/21,TX,42285,,305,,,,6724,0,,2061,,0,,,,,,2621181,2269871,7389,0,148914,196451,,,2581928,2380295,12287,,0,19357913,53992,1005419,2373470,,,,0,19357913,53992
2/24/21,TX,41980,,339,,,,6738,0,,2063,,0,,,,,,2613792,2264763,7517,0,144994,195226,,,2576255,2368008,14267,,0,19303921,61640,1000019,2358865,,,,0,19303921,61640
2/23/21,TX,41641,,234,,,,7014,0,,2085,,0,,,,,,2606275,2259407,11809,0,144328,194246,,,2568513,2353741,21801,,0,19242281,43164,997580,2341176,,,,0,19242281,43164
2/22/21,TX,41407,,64,,,,6964,0,,2114,,0,,,,,,2594466,2251388,6365,0,143841,192845,,,2562136,2331940,13747,,0,19199117,33266,996125,2320201,,,,0,19199117,33266
2/21/21,TX,41343,,130,,,,7146,0,,2268,,0,,,,,,2588101,2245634,4484,0,143699,192327,,,2558042,2318193,5748,,0,19165851,38019,995393,2303319,,,,0,19165851,38019
2/20/21,TX,41213,,227,,,,7535,0,,2321,,0,,,,,,2583617,2241808,6486,0,143484,192203,,,2568426,2312445,22672,,0,19127832,-84769,994702,2300546,,,,0,19127832,-84769
2/19/21,TX,40986,,172,,,,7757,0,,2367,,0,,,,,,2577131,2236776,2937,0,143340,190800,,,2560644,2289773,10089,,0,19212601,401870,992781,2245228,,,,0,19212601,401870
2/18/21,TX,40814,,97,,,,7874,0,,2459,,0,,,,,,2574194,2234506,3131,0,141470,188051,,,2521479,2279684,11617,,0,18810731,0,987853,2200714,,,,0,18810731,0
2/17/21,TX,40717,,72,,,,7609,0,,2324,,0,,,,,,2571063,2231717,3766,0,141470,188051,,,2521479,2268067,11037,,0,18810731,0,987853,2200714,,,,0,18810731,0
2/16/21,TX,40645,,52,,,,7661,0,,2397,,0,,,,,,2567297,2229008,3348,0,141470,188051,,,2521479,2257030,-3810,,0,18810731,0,987853,2200714,,,,0,18810731,0
2/15/21,TX,40593,,66,,,,7824,0,,2428,,0,,,,,,2563949,2225399,3889,0,141470,188051,,,2521479,2260840,29131,,0,18810731,0,987853,2200714,,,,0,18810731,0
2/14/21,TX,40527,,149,,,,8107,0,,2473,,0,,,,,,2560060,2221955,6933,0,141470,188051,,,2521479,2231709,11476,,0,18810731,109964,987853,2200714,,,,0,18810731,109964
2/13/21,TX,40378,,283,,,,8395,0,,2543,,0,,,,,,2553127,2215885,11282,0,139990,186571,,,2510207,2220233,16087,,0,18700767,95013,983897,2168000,,,,0,18700767,95013
2/12/21,TX,40095,,324,,,,8607,0,,2582,,0,,,,,,2541845,2206982,12502,0,139080,184313,,,2500055,2204146,19427,,0,18605754,99489,981011,2127545,,,,0,18605754,99489
2/11/21,TX,39771,,385,,,,8933,0,,2703,,0,,,,,,2529343,2196882,11890,0,137659,182973,,,2489681,2184719,15957,,0,18506265,91398,977294,2083584,,,,0,18506265,91398
2/10/21,TX,39386,,385,,,,9165,0,,2740,,0,,,,,,2517453,2187850,12897,0,136762,181535,,,2479268,2168762,43460,,0,18414867,113195,974278,2063225,,,,0,18414867,113195
2/9/21,TX,39001,,301,,,,9401,0,,2777,,0,,,,,,2504556,2177572,13329,0,135461,179936,,,2463920,2125302,20408,,0,18301672,80902,970422,2030649,,,,0,18301672,80902
2/8/21,TX,38700,,57,,,,9401,0,,2667,,0,,,,,,2491227,2166919,7485,0,135101,177559,,,2453191,2104894,13781,,0,18220770,148480,969047,1993396,,,,0,18220770,148480
2/7/21,TX,38643,,167,,,,9652,0,,2843,,0,,,,,,2483742,2160098,6959,0,133447,177045,,,2435800,2091113,10928,,0,18072290,37467,964000,1980915,,,,0,18072290,37467
2/6/21,TX,38476,,348,,,,9957,0,,2885,,0,,,,,,2476783,2154678,13897,0,133307,175629,,,2430693,2080185,19707,,0,18034823,111908,963296,1955420,,,,0,18034823,111908
2/5/21,TX,38128,,401,,,,10259,0,,2931,,0,,,,,,2462886,2143353,14495,0,132409,174443,,,2418530,2060478,22590,,0,17922915,76029,959934,1926967,,,,0,17922915,76029
2/4/21,TX,37727,,439,,,,10523,0,,3014,,0,,,,,,2448391,2132593,15281,0,128401,172200,,,2409593,2037888,22022,,0,17846886,152012,937452,1880415,,,,0,17846886,152012
2/3/21,TX,37288,,418,,,,10827,0,,3014,,0,,,,,,2433110,2120299,17620,0,126983,171709,,,2390223,2015866,22162,,0,17694874,89053,933639,1868992,,,,0,17694874,89053
2/2/21,TX,36870,,331,,,,11002,0,,3073,,0,,,,,,2415490,2106729,23047,0,126251,169937,,,2377723,1993704,19132,,0,17605821,101463,931104,1849176,,,,0,17605821,101463
2/1/21,TX,36539,,48,,,,11074,0,,3111,,0,,,,,,2392443,2087170,31811,0,124863,167830,,,2362669,1974572,27079,,0,17504358,105238,924087,1819443,,,,0,17504358,105238
1/31/21,TX,36491,,171,,,,11220,0,,3195,,0,,,,,,2360632,2059143,11370,0,123868,166320,,,2347904,1947493,14799,,0,17399120,136074,918035,1803806,,,,0,17399120,136074
1/30/21,TX,36320,,332,,,,11473,0,,3183,,0,,,,,,2349262,2049055,19234,0,122686,164416,,,2328705,1932694,19833,,0,17263046,189112,914683,1778369,,,,0,17263046,189112
1/29/21,TX,35988,,349,,,,11981,0,,3255,,0,,,,,,2330028,2033353,19076,0,121557,162812,,,2299772,1912861,18297,,0,17073934,124795,911376,1749834,,,,0,17073934,124795
1/28/21,TX,35639,,471,,,,12380,0,,3343,,0,,,,,,2310952,2018127,18220,0,120539,161156,,,2281713,1894564,27275,,0,16949139,111345,908175,1735794,,,,0,16949139,111345
1/27/21,TX,35168,,467,,,,12795,0,,3439,,0,,,,,,2292732,2003135,19613,0,119521,159262,,,2262490,1867289,22079,,0,16837794,99636,905351,1705585,,,,0,16837794,99636
1/26/21,TX,34701,,307,,,,12851,0,,3348,,0,,,,,,2273119,1988063,26274,0,119004,156909,,,2245329,1845210,26425,,0,16738158,108492,903308,1687621,,,,0,16738158,108492
1/25/21,TX,34394,,72,,,,12785,0,,3352,,0,,,,,,2246845,1965585,6319,0,117468,154475,,,2227866,1818785,9718,,0,16629666,68526,898817,1652273,,,,0,16629666,68526
1/24/21,TX,34322,,208,,,,12899,0,,3384,,0,,,,,,2240526,1960061,11565,0,117189,149509,,,2217409,1809067,11088,,0,16561140,155513,897815,1599086,,,,0,16561140,155513
1/23/21,TX,34114,,407,,,,13309,0,,3475,,0,,,,,,2228961,1949885,17672,0,115099,148796,,,2195266,1797979,12401,,0,16405627,84547,891438,1594480,,,,0,16405627,84547
1/22/21,TX,33707,,422,,,,13344,0,,3536,,0,,,,,,2211289,1935747,22646,0,114880,147469,,,2182159,1785578,22331,,0,16321080,118710,890509,1582586,,,,0,16321080,118710
1/21/21,TX,33285,,441,,,,13564,0,,3609,,0,,,,,,2188643,1917513,22360,0,113423,144841,,,2163363,1763247,24111,,0,16202370,126342,885758,1560260,,,,0,16202370,126342
1/20/21,TX,32844,,450,,,,13870,0,,3686,,0,,,,,,2166283,1898549,31255,0,112159,142817,,,2143645,1739136,28127,,0,16076028,140992,881456,1545919,,,,0,16076028,140992
1/19/21,TX,32394,,310,,,,13928,0,,3619,,0,,,,,,2135028,1872614,9476,0,111308,141632,,,2117321,1711009,13737,,0,15935036,57357,878299,1537217,,,,0,15935036,57357
1/18/21,TX,32084,,46,,,,13858,0,,3619,,0,,,,,,2125552,1864249,11590,0,111158,139552,,,2109723,1697272,19684,,0,15877679,159658,877677,1511420,,,,0,15877679,159658
1/17/21,TX,32038,,207,,,,13728,0,,3605,,0,,,,,,2113962,1853521,16402,0,109520,138579,,,2082241,1677588,10843,,0,15718021,133767,872211,1504491,,,,0,15718021,133767
1/16/21,TX,31831,,381,,,,13929,0,,3656,,0,,,,,,2097560,1837552,24657,0,107306,134233,,,2060159,1666745,17010,,0,15584254,140355,862717,1459365,,,,0,15584254,140355
1/15/21,TX,31450,,400,,,,13953,0,,3663,,0,,,,,,2072903,1816535,27204,0,106216,132681,,,2037868,1649735,18957,,0,15443899,139440,858535,1443336,,,,0,15443899,139440
1/14/21,TX,31050,,426,,,,14052,0,,3662,,0,,,,,,2045699,1794545,23064,0,104726,130380,,,2013598,1630778,18590,,0,15304459,125371,853435,1427906,,,,0,15304459,125371
1/13/21,TX,30624,,405,,,,14106,0,,3662,,0,,,,,,2022635,1775619,27343,0,104043,127818,,,1991275,1612188,16588,,0,15179088,147557,850565,1404149,,,,0,15179088,147557
1/12/21,TX,30219,,286,,,,14218,0,,3619,,0,,,,,,1995292,1753059,26052,0,103243,126267,,,1965279,1595600,26890,,0,15031531,92226,847195,1394289,,,,0,15031531,92226
1/11/21,TX,29933,,56,,,,13397,0,,3424,,0,,,,,,1969240,1730312,14834,0,102405,123161,,,1948046,1568710,9765,,0,14939305,148261,843839,1365082,,,,0,14939305,148261
1/10/21,TX,29877,,186,,,,13111,0,,3478,,0,,,,,,1954406,1716824,15855,0,100971,120797,,,1918146,1558945,9735,,0,14791044,137233,838680,1345957,,,,0,14791044,137233
1/9/21,TX,29691,,381,,,,13935,0,,3521,,0,,,,,,1938551,1703634,23290,0,100438,118061,,,1892758,1549210,12520,,0,14653811,121068,836194,1326296,,,,0,14653811,121068
1/8/21,TX,29310,,372,,,,13921,0,,3521,,0,,,,,,1915261,1684271,23520,0,99392,114910,,,1866444,1536690,14585,,0,14532743,86834,831020,1297609,,,,0,14532743,86834
1/7/21,TX,28938,,393,,,,13784,0,,3502,,0,,,,,,1891741,1666487,24578,0,98318,114160,,,1851122,1522105,17462,,0,14445909,75756,826923,1293168,,,,0,14445909,75756
1/6/21,TX,28545,,326,,,,13628,0,,3477,,0,,,,,,1867163,1646382,24010,0,93511,112156,,,1835626,1504643,16454,,0,14370153,80276,801027,1267667,,,,0,14370153,80276
1/5/21,TX,28219,,250,,,,13308,0,,3356,,0,,,,,,1843153,1626568,31630,0,93053,110302,,,1820127,1488189,23443,,0,14289877,100710,798283,1257275,,,,0,14289877,100710
1/4/21,TX,27969,,52,,,,12961,0,,3317,,0,,,,,,1811523,1598713,18182,0,92554,108130,,,1799060,1464746,12900,,0,14189167,135457,795422,1241302,,,,0,14189167,135457
1/3/21,TX,27917,,50,,,,12563,0,,3184,,0,,,,,,1793341,1582615,16095,0,92091,103982,,,1770143,1451846,8785,,0,14053710,48073,792757,1210365,,,,0,14053710,48073
1/2/21,TX,27867,,96,,,,12319,0,,3072,,0,,,,,,1777246,1568034,4763,0,91676,103675,,,1759509,1443061,7897,,0,14005637,156847,791133,1207649,,,,0,14005637,156847
1/1/21,TX,27771,,334,,,,12481,0,,3124,,0,,,,,,1772483,1563758,16311,0,90397,102780,,,1729239,1435164,12163,,0,13848790,105811,785916,1198101,,,,0,13848790,105811
12/31/20,TX,27437,,349,,,,12268,0,,3107,,0,,,,,,1756172,1551250,18725,0,89396,100267,,,1709376,1423001,20665,,0,13742979,81366,781869,1174394,,,,0,13742979,81366
12/30/20,TX,27088,,326,,,,11992,0,,3012,,0,,,,,,1737447,1536265,21469,0,82876,97753,,,1694131,1402336,14978,,0,13661613,69846,701794,1157852,,,,0,13661613,69846
12/29/20,TX,26762,,241,,,,11775,0,,3012,,0,,,,,,1715978,1518499,32552,0,81689,96754,,,1680061,1387358,29782,,0,13591767,75524,683203,1144302,,,,0,13591767,75524
12/28/20,TX,26521,,49,,,,11351,0,,2969,,0,,,,,,1683426,1490479,14829,0,81251,94801,,,1665082,1357576,10613,,0,13516243,59907,680733,1129749,,,,0,13516243,59907
12/27/20,TX,26472,,51,,,,10886,0,,2856,,0,,,,,,1668597,1476674,8046,0,80953,94036,,,1653830,1346963,7516,,0,13456336,88998,679419,1122377,,,,0,13456336,88998
12/26/20,TX,26421,,13,,,,10773,0,,2856,,0,,,,,,1660551,1470154,2694,0,79756,93216,,,1639161,1339447,6534,,0,13367338,116767,672553,1114467,,,,0,13367338,116767
12/25/20,TX,26408,,200,,,,10868,0,,2856,,0,,,,,,1657857,1467898,4335,0,77870,90155,,,1620425,1332913,5938,,0,13250571,113871,664120,1086179,,,,0,13250571,113871
12/24/20,TX,26208,,308,,,,10724,0,,2865,,0,,,,,,1653522,1464556,17064,0,76711,89067,,,1603396,1326975,15124,,0,13136700,114845,658985,1070160,,,,0,13136700,114845
12/23/20,TX,25900,,294,,,,10574,0,,2874,,0,,,,,,1636458,1451256,23363,0,75952,87150,,,1584829,1311851,14557,,0,13021855,73512,655566,1050963,,,,0,13021855,73512
12/22/20,TX,25606,,191,,,,10299,0,,2767,,0,,,,,,1613095,1431416,21147,0,75566,86471,,,1573424,1297294,18227,,0,12948343,122643,653540,1040594,,,,0,12948343,122643
12/21/20,TX,25415,,67,,,,10009,0,,2767,,0,,,,,,1591948,1413684,10280,0,75226,84341,,,1555157,1279067,10053,,0,12825700,144933,651053,1007059,,,,0,12825700,144933
12/20/20,TX,25348,,122,,,,9856,0,,2777,,0,,,,,,1581668,1404675,7780,0,74228,81884,,,1534139,1269014,8030,,0,12680767,111257,646470,983430,,,,0,12680767,111257
12/19/20,TX,25226,,272,,,,9796,0,,2747,,0,,,,,,1573888,1398281,17907,0,72863,81071,,,1518230,1260984,15645,,0,12569510,37166,640527,979007,,,,0,12569510,37166
12/18/20,TX,24954,,294,,,,9709,0,,2739,,0,,,,,,1555981,1384476,16792,0,72492,80939,,,1513343,1245339,28924,,0,12532344,88332,639270,977880,,,,0,12532344,88332
12/17/20,TX,24660,,266,,,,9628,0,,2771,,0,,,,,,1539189,1371223,19849,0,71064,79073,,,1500558,1216415,0,,0,12444012,83703,627702,957887,,,,0,12444012,83703
12/16/20,TX,24394,,252,,,,9528,0,,2742,,0,,,,,,1519340,1367965,18802,0,70308,77243,,,1489316,1216415,13017,,0,12360309,77097,624341,934936,,,,0,12360309,77097
12/15/20,TX,24142,,205,,,,9472,0,,2725,,0,,,,,,1500538,1352489,18926,0,69839,76600,,,1476519,1203398,17770,,0,12283212,119269,621818,922161,,,,0,12283212,119269
12/14/20,TX,23937,,26,,,,9304,0,,2679,,0,,,,,,1481612,1337096,8901,0,69478,74573,,,1459163,1185628,9251,,0,12163943,134931,619088,906429,,,,0,12163943,134931
12/13/20,TX,23911,,111,,,,9230,0,,2644,,0,,,,,,1472711,1328213,8349,0,68353,73141,,,1440979,1176377,8402,,0,12029012,82689,613854,888741,,,,0,12029012,82689
12/12/20,TX,23800,,249,,,,9192,0,,2642,,0,,,,,,1464362,1321578,16360,0,67899,71381,,,1430692,1167975,10641,,0,11946323,325,611326,863974,,,,0,11946323,325
12/11/20,TX,23551,,226,,,,9109,0,,2604,,0,,,,,,1448002,1307878,14451,0,66200,71365,,,1430675,1157334,82755,,0,11945998,6683,606668,863863,,,,0,11945998,6683
12/10/20,TX,23325,,244,,,,9045,0,,2644,,0,,,,,,1433551,1296132,15299,0,66200,71236,,,1430071,1074579,12181,,0,11939315,36008,601686,862971,,,,0,11939315,36008
12/9/20,TX,23081,,273,,,,9053,0,,2647,,0,,,,,,1418252,1283674,13606,0,65542,70766,,,1426497,1062398,11982,,0,11903307,81405,598405,857323,,,,0,11903307,81405
12/8/20,TX,22808,,181,,,,9028,0,,2646,,0,,,,,,1404646,1272496,19842,0,65063,69554,,,1416631,1050416,11610,,0,11821902,117293,595246,843177,,,,0,11821902,117293
12/7/20,TX,22627,,33,,,,8790,0,,2631,,0,,,,,,1384804,1258214,9491,0,64835,67828,,,1401774,1038806,8090,,0,11704609,39810,593787,818716,,,,0,11704609,39810
12/6/20,TX,22594,,92,,,,8681,0,,2592,,0,,,,,,1375313,1249323,10380,0,64340,67018,,,1395225,1030716,8419,,0,11664799,57786,590964,813338,,,,0,11664799,57786
12/5/20,TX,22502,,247,,,,8916,0,,2663,,0,,,,,,1364933,1240750,14391,0,63669,66269,,,1386252,1022297,9597,,0,11607013,109458,587512,807829,,,,0,11607013,109458
12/4/20,TX,22255,,255,,,,9015,0,,2645,,0,,,,,,1350542,1228812,16796,0,62869,65042,,,1372627,1012700,9559,,0,11497555,113648,583553,791698,,,,0,11497555,113648
12/3/20,TX,22000,,244,,,,9151,0,,2623,,0,,,,,,1333746,1215113,17552,0,62140,63709,,,1358324,1003141,9990,,0,11383907,116376,578670,771879,,,,0,11383907,116376
12/2/20,TX,21756,,207,,,,9109,0,,2544,,0,,,,,,1316194,1200674,19222,0,61488,62388,,,1343301,993151,16634,,0,11267531,121623,575536,756314,,,,0,11267531,121623
12/1/20,TX,21549,,170,,,,9047,0,,2583,,0,,,,,,1296972,1184250,18540,0,61129,60962,,,1327560,976517,13878,,0,11145908,135034,573566,738089,,,,0,11145908,135034
11/30/20,TX,21379,,22,,,,8900,0,,2536,,0,,,,,,1278432,1168111,11725,0,60825,59228,,,1309102,962639,8174,,0,11010874,45004,571451,712553,,,,0,11010874,45004
11/29/20,TX,21357,,48,,,,8634,0,,2487,,0,,,,,,1266707,1157273,7050,0,60759,58415,,,1301267,954465,3879,,0,10965870,53232,570888,706818,,,,0,10965870,53232
11/28/20,TX,21309,,102,,,,8597,0,,2427,,0,,,,,,1259657,1151069,4325,0,60487,57538,,,1291811,950586,3923,,0,10912638,71749,569242,701538,,,,0,10912638,71749
11/27/20,TX,21207,,51,,,,8518,0,,2449,,0,,,,,,1255332,1147045,3987,0,59679,56447,,,1280439,946663,3206,,0,10840889,12642,563123,689889,,,,0,10840889,12642
11/26/20,TX,21156,,206,,,,8706,0,,2444,,0,,,,,,1251345,1143616,14697,0,59031,56160,,,1278643,943457,8446,,0,10828247,114701,560010,687314,,,,0,10828247,114701
11/25/20,TX,20950,,200,,,,8585,0,,2356,,0,,,,,,1236648,1130980,18811,0,58350,54860,,,1264769,935011,7680,,0,10713546,130734,556284,670565,,,,0,10713546,130734
11/24/20,TX,20750,,162,,,,8495,0,,2331,,0,,,,,,1217837,1115371,16580,0,57944,53643,,,1250838,927331,9592,,0,10582812,147707,553956,654298,,,,0,10582812,147707
11/23/20,TX,20588,,32,,,,8353,0,,2299,,0,,,,,,1201257,1100979,7641,0,57713,52412,,,1235153,917739,3943,,0,10435105,55174,552103,634477,,,,0,10435105,55174
11/22/20,TX,20556,,89,,,,8174,0,,2215,,0,,,,,,1193616,1094275,9769,0,57040,51881,,,1228284,913796,4659,,0,10379931,75543,548439,630204,,,,0,10379931,75543
11/21/20,TX,20467,,171,,,,8245,0,,2195,,0,,,,,,1183847,1085524,14922,0,56537,51349,,,1219414,909137,7194,,0,10304388,121313,545643,625778,,,,0,10304388,121313
11/20/20,TX,20296,,183,,,,8164,0,,2214,,0,,,,,,1168925,1072698,13795,0,55555,50463,,,1206044,901943,5752,,0,10183075,119077,539765,613980,,,,0,10183075,119077
11/19/20,TX,20113,,230,,,,7982,0,,2154,,0,,,,,,1155130,1060686,14269,0,54717,49558,,,1192594,896191,7092,,0,10063998,117113,535321,597184,,,,0,10063998,117113
11/18/20,TX,19883,,187,,,,7958,0,,2127,,0,,,,,,1140861,1048383,10987,0,54291,48664,,,1179363,889099,5876,,0,9946885,116377,532113,585973,,,,0,9946885,116377
11/17/20,TX,19696,,117,,,,7841,0,,2127,,0,,,,,,1129874,1039511,13644,0,54046,47658,,,1166390,883223,7702,,0,9830508,117494,530418,571848,,,,0,9830508,117494
11/16/20,TX,19579,,20,,,,7468,0,,2047,,0,,,,,,1116230,1027889,7828,0,53738,46385,,,1152103,875521,3737,,0,9713014,38343,528417,553433,,,,0,9713014,38343
11/15/20,TX,19559,,89,,,,7274,0,,2047,,0,,,,,,1108402,1020721,7923,0,53738,45833,,,1146144,871784,10579,,0,9674671,55561,528417,549925,,,,0,9674671,55561
11/14/20,TX,19470,,150,,,,7151,0,,1976,,0,,,,,,1100479,1014160,11401,0,52886,45359,,,1138098,861205,10557,,0,9619110,96728,523180,546645,,,,0,9619110,96728
11/13/20,TX,19320,,173,,,,7083,0,,1959,,0,,,,,,1089078,1004983,13424,0,52329,44453,,,1126150,850648,11698,,0,9522382,94206,519740,536610,,,,0,9522382,94206
11/12/20,TX,19147,,143,,,,6925,0,,1879,,0,,,,,,1075654,993841,10589,0,51772,43455,,,1115259,838950,7150,,0,9428176,96818,515698,523543,,,,0,9428176,96818
11/11/20,TX,19004,,141,,,,6779,0,,1879,,0,,,,,,1065065,985380,13166,0,51717,42308,,,1103208,831800,5684,,0,9331358,110242,514912,512685,,,,0,9331358,110242
11/10/20,TX,18863,,94,,,,6170,0,,1828,,0,,,,,,1051899,973970,12935,0,51519,41134,,,1090190,826116,5960,,0,9221116,115851,513192,499322,,,,0,9221116,115851
11/9/20,TX,18769,,26,,,,6103,0,,1816,,0,,,,,,1038964,963019,4849,0,51213,39598,,,1075300,820156,-59,,0,9105265,34656,511176,483220,,,,0,9105265,34656
11/8/20,TX,18743,,43,,,,6080,0,,1786,,0,,,,,,1034115,956234,6878,0,50934,38943,,,1069577,820215,8885,,0,9070609,51708,509011,479209,,,,0,9070609,51708
11/7/20,TX,18700,,111,,,,6068,0,,1759,,0,,,,,,1027237,950549,9560,0,50556,38269,,,1061549,811330,4322,,0,9018901,91063,506808,474486,,,,0,9018901,91063
11/6/20,TX,18589,,136,,,,6070,0,,1785,,0,,,,,,1017677,942539,9239,0,49570,37196,,,1050102,807008,4397,,0,8927838,95460,500132,462799,,,,0,8927838,95460
11/5/20,TX,18453,,133,,,,5954,0,,1749,,0,,,,,,1008438,934994,10171,0,49570,36170,,,1038293,802611,5025,,0,8832378,93783,500132,450761,,,,0,8832378,93783
11/4/20,TX,18320,,126,,,,5872,0,,1744,,0,,,,,,998267,926400,9817,0,49145,35184,,,1027079,797586,5300,,0,8738595,96339,497255,441588,,,,0,8738595,96339
11/3/20,TX,18194,,97,,,,5936,0,,1734,,0,,,,,,988450,918336,10665,0,48506,34271,,,1016443,792286,4601,,0,8642256,97290,491876,429996,,,,0,8642256,97290
11/2/20,TX,18097,,20,,,,5770,0,,1692,,0,,,,,,977785,910038,5455,0,48164,33203,,,1005389,787685,2403,,0,8544966,27063,490032,417575,,,,0,8544966,27063
11/1/20,TX,18077,,53,,,,5691,0,,1631,,0,,,,,,972330,904855,71734,0,47829,32759,,,1001616,785282,3276,,0,8517903,38378,487423,414144,,,,0,8517903,38378
10/31/20,TX,18024,,90,,,,5696,0,,1631,,0,,,,,,900596,900596,7145,0,47137,32269,,,995996,782006,5426,,0,8479525,79056,481608,410844,,,,0,8479525,79056
10/30/20,TX,17934,,115,,,,5627,0,,1606,,0,,,,,,893451,893451,6631,0,46737,31586,,,987286,776580,4230,,0,8400469,81689,480444,402315,,,,0,8400469,81689
10/29/20,TX,17819,,119,,,,5587,0,,1599,,0,,,,,,886820,886820,6826,0,46323,30780,,,978542,772350,4445,,0,8318780,80804,476253,392149,,,,0,8318780,80804
10/28/20,TX,17700,,105,,,,5650,0,,1636,,0,,,,,,879994,879994,5627,0,45489,30193,,,970102,767905,4797,,0,8237976,87362,473079,384461,,,,0,8237976,87362
10/27/20,TX,17595,,81,,,,5512,0,,1601,,0,,,,,,874367,874367,7292,0,45215,29591,,,962580,763108,4916,,0,8150614,87326,470883,375346,,,,0,8150614,87326
10/26/20,TX,17514,,10,,,,5278,0,,1545,,0,,,,,,867075,867075,4700,0,44950,28917,,,953479,758192,3097,,0,8063288,26595,468501,365010,,,,0,8063288,26595
10/25/20,TX,17504,,48,,,,5206,0,,1550,,0,,,,,,862375,862375,4304,0,44745,28548,,,949518,755095,1484,,0,8036693,37153,466962,362005,,,,0,8036693,37153
10/24/20,TX,17456,,81,,,,4995,0,,1513,,0,,,,,,858071,858071,6499,0,44466,28179,,,944643,753611,5359,,0,7999540,69457,465309,358918,,,,0,7999540,69457
10/23/20,TX,17375,,89,,,,5065,0,,1511,,0,,,,,,851572,851572,6472,0,43966,27563,,,937845,748252,3969,,0,7930083,78756,462309,351741,,,,0,7930083,78756
10/22/20,TX,17286,,85,,,,4931,0,,1454,,0,,,,,,845100,845100,6291,0,43576,26863,,,929657,744283,5143,,0,7851327,81418,459439,342539,,,,0,7851327,81418
10/21/20,TX,17201,,114,,,,4782,0,,1424,,0,,,,,,838809,838809,5252,0,43253,26165,,,920980,739140,5382,,0,7769909,82859,457228,333932,,,,0,7769909,82859
10/20/20,TX,17087,,65,,,,4588,0,,1349,,0,,,,,,833557,833557,7884,0,42991,25532,,,913649,733758,3996,,0,7687050,83889,455327,323967,,,,0,7687050,83889
10/19/20,TX,17022,,8,,,,4319,0,,1349,,0,,,,,,825673,825673,1894,0,42646,24713,,,905339,729762,3531,,0,7603161,23929,452388,313129,,,,0,7603161,23929
10/18/20,TX,17014,,30,,,,4226,0,,1340,,0,,,,,,823779,823779,3216,0,42428,24447,,,902376,726231,3027,,0,7579232,32359,450891,310816,,,,0,7579232,32359
10/17/20,TX,16984,,81,,,,4275,0,,1348,,0,,,,,,820563,820563,4885,0,42170,24170,,,898621,723204,3726,,0,7546873,65988,449341,308431,,,,0,7546873,65988
10/16/20,TX,16903,,91,,,,4248,0,,1290,,0,,,,,,815678,815678,5870,0,41811,23677,,,892654,719478,3463,,0,7480885,68382,447010,302744,,,,0,7480885,68382
10/15/20,TX,16812,,95,,,,4263,0,,1290,,0,,,,,,809808,809808,4726,0,41396,23217,,,886489,716015,4577,,0,7412503,70382,444135,295383,,,,0,7412503,70382
10/14/20,TX,16717,,95,,,,4131,0,,1237,,0,,,,,,805082,805082,4826,0,40963,22707,,,879936,711438,3089,,0,7342121,76079,440413,288410,,,,0,7342121,76079
10/13/20,TX,16622,,64,,,,4053,0,,1237,,0,,,,,,800256,800256,5130,0,40544,22215,,,874204,708349,3160,,0,7266042,74269,436479,279869,,,,0,7266042,74269
10/12/20,TX,16558,,1,,,,3870,0,,1196,,0,,,,,,795126,795126,2648,0,40449,21673,,,867785,705189,1527,,0,7191773,21033,435831,271104,,,,0,7191773,21033
10/11/20,TX,16557,,31,,,,3622,0,,1142,,0,,,,,,792478,792478,2418,0,40234,21391,,,865350,703662,2079,,0,7170740,33839,434254,268770,,,,0,7170740,33839
10/10/20,TX,16526,,94,,,,3628,0,,1137,,0,,,,,,790060,790060,4230,0,39953,21136,,,861853,701583,3102,,0,7136901,61495,432509,266444,,,,0,7136901,61495
10/9/20,TX,16432,,98,,,,3593,0,,1138,,0,,,,,,785830,785830,4036,0,39452,20779,,,856947,698481,3287,,0,7075406,65212,429145,260712,,,,0,7075406,65212
10/8/20,TX,16334,,104,,,,3556,0,,1098,,0,,,,,,781794,781794,4238,0,39230,20366,,,852037,695194,3071,,0,7010194,68542,427731,252857,,,,0,7010194,68542
10/7/20,TX,16230,,119,,,,3519,0,,1052,,0,,,,,,777556,777556,4121,0,38678,20019,,,847282,692123,4846,,0,6941652,68904,422880,246334,,,,0,6941652,68904
10/6/20,TX,16111,,78,,,,3394,0,,1080,,0,,,,,,773435,773435,4132,0,38448,19665,,,843046,687277,3577,,0,6872748,69861,421087,238557,,,,0,6872748,69861
10/5/20,TX,16033,,8,,,,3318,0,,1107,,0,,,,,,769303,769303,3409,0,38354,19234,,,838058,683700,3617,,0,6802887,20124,420372,229474,,,,0,6802887,20124
10/4/20,TX,16025,,33,,,,3192,0,,1071,,0,,,,,,765894,765894,2884,0,38164,19048,,,836145,680083,2839,,0,6782763,27608,419197,227559,,,,0,6782763,27608
10/3/20,TX,15992,,97,,,,3195,0,,1101,,0,,,,,,763010,763010,7006,0,37871,18866,,,833768,677244,5100,,0,6755155,56057,417575,225667,,,,0,6755155,56057
10/2/20,TX,15895,,72,,,,3227,0,,1091,,0,,,,,,756004,756004,3503,0,37538,18633,,,830093,672144,3629,,0,6699098,50306,415228,221296,,,,0,6699098,50306
10/1/20,TX,15823,,112,,,,3190,0,,1075,,0,,,,,,752501,752501,3534,0,37224,18358,,,826741,668515,3632,,0,6648792,49963,413627,214223,,,,0,6648792,49963
9/30/20,TX,15711,,107,,,,3344,0,,1076,,0,,,,,,748967,748967,5683,0,37113,18094,,,823305,664883,3845,,0,6598829,54244,412969,209959,,,,0,6598829,54244
9/29/20,TX,15604,,71,,,,3251,0,,1044,,0,,,,,,743284,743284,4062,0,36957,17806,,,820161,661038,3631,,0,6544585,57998,411712,202842,,,,0,6544585,57998
9/28/20,TX,15533,,11,,,,3201,0,,1056,,0,,,,,,739222,739222,4090,0,36905,17473,,,816290,657407,5031,,0,6486587,16459,411266,194502,,,,0,6486587,16459
9/27/20,TX,15522,,37,,,,3217,0,,1056,,0,,,,,,735132,735132,1694,0,35953,17332,,,814979,652376,2796,,0,6470128,23858,400882,192591,,,,0,6470128,23858
9/26/20,TX,15485,,121,,,,3209,0,,1056,,0,,,,,,733438,733438,4886,0,35847,17229,,,813007,649580,3437,,0,6446270,48515,399337,191112,,,,0,6446270,48515
9/25/20,TX,15364,,97,,,,3221,0,,1051,,0,,,,,,728552,728552,4633,0,35656,17005,,,809734,646143,3974,,0,6397755,55801,394584,186922,,,,0,6397755,55801
9/24/20,TX,15267,,138,,,,3204,0,,1051,,0,,,,,,723919,723919,4320,0,35421,16771,,,806276,642169,24115,,0,6341954,54762,391678,178767,,,,0,6341954,54762
9/23/20,TX,15129,,135,,,,3195,0,,1041,,0,,,,,,719599,719599,3392,0,35217,16495,,,802918,618054,4158,,0,6287192,53089,390538,173861,,,,0,6287192,53089
9/22/20,TX,14994,,77,,,,3207,0,,1065,,0,,,,,,716207,716207,17820,0,35026,16231,,,799937,613896,2040,,0,6234103,55380,389207,167276,,,,0,6234103,55380
9/21/20,TX,14917,,24,,,,3132,0,,1073,,0,,,,,,698387,698387,9853,0,34843,15935,,,796468,611856,2646,,0,6178723,14792,386966,160038,,,,0,6178723,14792
9/20/20,TX,14893,,45,,,,3081,0,,1057,,0,,,,,,688534,688534,2466,0,34639,15813,,,795308,609210,3688,,0,6163931,22747,385351,158451,,,,0,6163931,22747
9/19/20,TX,14848,,135,,,,3124,0,,1083,,0,,,,,,686068,686068,3827,0,34415,15658,,,793400,605522,4860,,0,6141184,50993,383876,156824,,,,0,6141184,50993
9/18/20,TX,14713,,123,,,,3172,0,,1107,,0,,,,,,682241,682241,3422,0,34084,15466,,,790132,600662,5845,,0,6090191,54076,381430,153189,,,,0,6090191,54076
9/17/20,TX,14590,,112,,,,3246,0,,1140,,0,,,,,,678819,678819,4047,0,33718,15218,,,786836,594817,3980,,0,6036115,43336,378541,148112,,,,0,6036115,43336
9/16/20,TX,14478,,135,,,,3249,0,,1139,,0,,,,,,674772,674772,6026,0,33463,15103,,,784178,590837,4925,,0,5992779,41587,377019,144928,,,,0,5992779,41587
9/15/20,TX,14343,,132,,,,3311,0,,1151,,0,,,,,,668746,668746,5342,0,33086,14992,,,781588,585912,4708,,0,5951192,39383,373766,142179,,,,0,5951192,39383
9/14/20,TX,14211,,21,,,,3391,0,,1165,,0,,,,,,663404,663404,3970,0,33050,14852,,,778772,581204,3372,,0,5911809,9711,373406,137788,,,,0,5911809,9711
9/13/20,TX,14190,,47,,,,3319,0,,1140,,0,,,,,,659434,659434,1845,0,34286,14801,,,777965,577832,4162,,0,5902098,14977,390318,137241,,,,0,5902098,14977
9/12/20,TX,14143,,146,,,,3371,0,,1174,,0,,,,,,657589,657589,4233,0,33571,14752,,,776717,573670,5603,,0,5887121,36115,383596,136704,,,,0,5887121,36115
9/11/20,TX,13997,,144,,,,3465,0,,1198,,0,,,,,,653356,653356,3547,0,33010,14641,,,774410,568067,3953,,0,5851006,36226,380352,134226,,,,0,5851006,36226
9/10/20,TX,13853,,161,,,,3575,0,,1267,,0,,,,,,649809,649809,4018,0,32735,14525,,,772078,564114,5220,,0,5814780,35751,377901,130917,,,,0,5814780,35751
9/9/20,TX,13692,,139,,,,3604,0,,1347,,0,,,,,,645791,645791,4000,0,32352,14404,,,769672,558894,5485,,0,5779029,42448,374319,128145,,,,0,5779029,42448
9/8/20,TX,13553,,61,,,,3701,0,,1322,,0,,,,,,641791,641791,1421,0,32328,14186,,,767049,553409,9997,,0,5736581,12935,374045,123384,,,,0,5736581,12935
9/7/20,TX,13492,,20,,,,3537,0,,1322,,0,,,,,,640370,640370,2060,0,32006,14072,,,766091,543412,0,,0,5723646,13498,371102,122333,,,,0,5723646,13498
9/6/20,TX,13472,,64,,,,3715,0,,1409,,0,,,,,,638310,638310,2995,0,31773,13966,,,764864,543412,5130,,0,5710148,20417,369645,121316,,,,0,5710148,20417
9/5/20,TX,13408,,177,,,,3973,0,,1409,,0,,,,,,635315,635315,4486,0,31521,13861,,,762978,538282,6059,,0,5689731,40155,368062,120161,,,,0,5689731,40155
9/4/20,TX,13231,,140,,,,3889,0,,1433,,0,,,,,,630829,630829,5482,0,30982,13661,,,759864,532223,4864,,0,5649576,42210,365953,115942,,,,0,5649576,42210
9/3/20,TX,13091,,221,,,,4075,0,,1433,,0,,,,,,625347,625347,3680,0,30524,13425,,,756793,527359,5272,,0,5607366,40899,361848,112940,,,,0,5607366,40899
9/2/20,TX,12870,,189,,,,4149,0,,1476,,0,,,,,,621667,621667,4334,0,30213,13122,,,753665,522087,7226,,0,5566467,42252,360236,109490,,,,0,5566467,42252
9/1/20,TX,12681,,145,,,,4144,0,,1525,,0,,,,,,617333,617333,4364,0,30159,12805,,,750396,514861,7362,,0,5524215,45845,359593,105095,,,,0,5524215,45845
8/31/20,TX,12536,,26,,,,4203,0,,1525,,0,,,,,,612969,612969,2615,0,30025,12533,,,746464,507499,7981,,0,5478370,12815,358718,101788,,,,0,5478370,12815
8/30/20,TX,12510,,90,,,,4172,0,,1566,,0,,,,,,610354,610354,3824,0,29723,12438,,,745270,499518,6597,,0,5465555,20343,356857,100665,,,,0,5465555,20343
8/29/20,TX,12420,,154,,,,4273,0,,1648,,0,,,,,,606530,606530,4762,0,29635,12353,,,743372,492921,8041,,0,5445212,41073,356229,99677,,,,0,5445212,41073
8/28/20,TX,12266,,196,,,,4422,0,,1636,,0,,,,,,601768,601768,4031,0,29287,12226,,,739427,484880,6128,,0,5404139,34918,353966,97302,,,,0,5404139,34918
8/27/20,TX,12070,,265,,,,4489,0,,1704,,0,,,,,,597737,597737,5600,0,28870,12111,,,736142,478752,6331,,0,5369221,43190,351564,95481,,,,0,5369221,43190
8/26/20,TX,11805,,229,,,,4806,0,,1723,,0,,,,,,592137,592137,5407,0,28439,11958,,,732329,472421,5871,,0,5326031,47103,348384,93184,,,,0,5326031,47103
8/25/20,TX,11576,,181,,,,4907,0,,1799,,0,,,,,,586730,586730,6346,0,28100,11785,,,728523,466550,9368,,0,5278928,47183,346519,90830,,,,0,5278928,47183
8/24/20,TX,11395,,25,,,,5019,0,,1809,,0,,,,,,580384,580384,2847,0,27726,11635,,,724009,457182,5406,,0,5231745,14670,344218,88467,,,,0,5231745,14670
8/23/20,TX,11370,,104,,,,5186,0,,1878,,0,,,,,,577537,577537,4398,0,27726,11553,,,722613,451776,5746,,0,5217075,17988,344218,87509,,,,0,5217075,17988
8/22/20,TX,11266,,215,,,,5274,0,,1963,,0,,,,,,573139,573139,5559,0,27414,11487,,,720818,446030,7205,,0,5199087,44017,342277,86627,,,,0,5199087,44017
8/21/20,TX,11051,,258,,,,5566,0,,1979,,0,,,,,,567580,567580,5021,0,26824,11394,,,716756,438825,6865,,0,5155070,48584,338016,85045,,,,0,5155070,48584
8/20/20,TX,10793,,234,,,,5635,0,,1979,,0,,,,,,562559,562559,5303,0,26337,11309,,,712183,431960,7275,,0,5106486,45900,335184,83528,,,,0,5106486,45900
8/19/20,TX,10559,,309,,,,5974,0,,2107,,0,,,,,,557256,557256,7024,0,25995,11208,,,707914,424685,8782,,0,5060586,47293,333355,81646,,,,0,5060586,47293
8/18/20,TX,10250,,216,,,,6210,0,,2179,,0,,,,,,550232,550232,7282,0,24732,11113,,,703631,415903,10086,,0,5013293,49414,326216,79761,,,,0,5013293,49414
8/17/20,TX,10034,,51,,,,6200,0,,2240,,0,,,,,,542950,542950,7908,0,23797,10973,,,698502,405817,6245,,0,4963879,16322,322433,77664,,,,0,4963879,16322
8/16/20,TX,9983,,143,,,,6267,0,,2269,,0,,,,,,535042,535042,6204,0,23192,10915,,,696878,399572,6306,,0,4947557,21703,318940,76956,,,,0,4947557,21703
8/15/20,TX,9840,,238,,,,6481,0,,2306,,0,,,,,,528838,528838,8245,0,23192,10863,,,694472,393266,9549,,0,4925854,42194,318938,76263,,,,0,4925854,42194
8/14/20,TX,9602,,313,,,,6632,0,,2380,,0,,,,,,520593,520593,7018,0,22100,10792,,,689851,383717,7957,,0,4883660,41171,312727,74905,,,,0,4883660,41171
8/13/20,TX,9289,,255,,,,6879,0,,2435,,0,,,,,,513575,513575,6755,0,20800,10700,,,685342,375760,8406,,0,4842489,39346,302012,73513,,,,0,4842489,39346
8/12/20,TX,9034,,324,,,,7028,0,,2479,,0,,,,,,506820,506820,6200,0,20241,10589,,,681048,367354,9042,,0,4803143,42595,299037,71941,,,,0,4803143,42595
8/11/20,TX,8710,,220,,,,7216,0,,2495,,0,,,,,,500620,500620,9803,0,19800,10472,,,676264,358312,8479,,0,4760548,42078,295617,70363,,,,0,4760548,42078
8/10/20,TX,8490,,31,,,,7304,0,,2552,,0,,,,,,490817,490817,4455,0,18924,10351,,,671019,349833,4988,,0,4718470,14430,290944,68552,,,,0,4718470,14430
8/9/20,TX,8459,,116,,,,7437,0,,2608,,0,,,,,,486362,486362,4879,0,18561,10294,,,669182,344845,6502,,0,4704040,21173,288928,67839,,,,0,4704040,21173
8/8/20,TX,8343,,247,,,,7872,0,,2730,,0,,,,,,481483,481483,6959,0,16924,10237,,,666361,338343,6675,,0,4682867,37191,280434,67137,,,,0,4682867,37191
8/7/20,TX,8096,,293,,,,8065,0,,2742,,0,,,,,,474524,474524,7039,0,15364,10150,,,661709,331668,7864,,0,4645676,38889,276849,65737,,,,0,4645676,38889
8/6/20,TX,7803,,306,,,,8302,0,,2917,,0,,,,,,467485,467485,7598,0,15364,10048,,,656891,323804,8152,,0,4606787,41217,276849,64236,,,,0,4606787,41217
8/5/20,TX,7497,,236,,,,8455,0,,2917,,0,,,,,,459887,459887,8706,0,14535,9955,,,651967,315652,9390,,0,4565570,50225,268978,62531,,,,0,4565570,50225
8/4/20,TX,7261,,245,,,,8674,0,,3006,,0,,,,,,451181,451181,9167,0,13478,9824,,,645987,306262,8840,,0,4515345,53999,258494,60672,,,,0,4515345,53999
8/3/20,TX,7016,,179,,,,8819,0,,3045,,0,,,,,,442014,442014,5303,0,12054,9653,,,639157,297422,14818,,0,4461346,15583,243777,58821,,,,0,4461346,15583
8/2/20,TX,6837,,0,,,,8969,0,,3117,,0,,,,,,436711,436711,6226,0,11812,9563,,,637015,282604,0,,0,4445763,20123,242251,57988,,,,0,4445763,20123
8/1/20,TX,6837,,268,,,,8969,0,,3117,,0,,,,,,430485,430485,9539,0,11812,9462,,,634076,282604,9413,,0,4425640,46798,242251,57141,,,,0,4425640,46798
7/31/20,TX,6569,,295,,,,9336,0,,3117,,0,,,,,,420946,420946,8839,0,11712,9307,,,627128,273191,12649,,0,4378842,53091,241518,55473,,,,0,4378842,53091
7/30/20,TX,6274,,84,,,,9296,0,,3087,,0,,,,,,412107,412107,8800,0,11430,9125,,,619790,260542,9196,,0,4325751,56368,239566,53809,,,,0,4325751,56368
7/29/20,TX,6190,,313,,,,9595,0,,3136,,0,,,,,,403307,403307,9042,0,11227,8922,,,611266,251346,6897,,0,4269383,54599,237895,51819,,,,0,4269383,54599
7/28/20,TX,5877,,164,,,,9593,0,,3136,,0,,,,,,394265,394265,8342,0,11227,8721,,,603167,244449,15342,,0,4214784,59953,237895,49956,,,,0,4214784,59953
7/27/20,TX,5713,,675,,,,10893,0,,3281,,0,,,,,,385923,385923,4267,0,10921,8474,,,593896,229107,0,,0,4154831,15813,235797,47788,,,,0,4154831,15813
7/26/20,TX,5038,,153,,,,10893,0,,3281,,0,,,,,,381656,381656,5810,0,10751,8384,,,591218,229107,7597,,0,4139018,22614,234534,47065,,,,0,4139018,22614
7/25/20,TX,4885,,168,,,,10893,0,,3281,,0,,,,,,375846,375846,6020,0,10595,8286,,,587592,221510,9294,,0,4116404,61099,233410,46285,,,,0,4116404,61099
7/24/20,TX,4717,,196,,,,10893,0,,3281,,0,,,,,,369826,369826,8701,0,10565,8098,,,577854,212216,8390,,0,4055305,65759,233139,44448,,,,0,4055305,65759
7/23/20,TX,4521,,173,,,,10893,0,,3281,,0,,,,,,361125,361125,9507,0,10394,7873,,,567204,203826,8511,,0,3989546,61794,232021,42653,,,,0,3989546,61794
7/22/20,TX,4348,,197,,,,10893,0,,3281,,0,,,,,,351618,351618,9879,0,8737,7612,,,557438,195315,8786,,0,3927752,64102,227696,40778,,,,0,3927752,64102
7/21/20,TX,4151,,131,,,,10848,0,,,,0,,,,,,341739,341739,9305,0,8562,7378,,,546991,186529,8658,,0,3863650,68310,226323,38804,,,,0,3863650,68310
7/20/20,TX,4020,,62,,,,10569,0,,,,0,,,,,,332434,332434,7404,0,7976,7114,,,534477,177871,4935,,0,3795340,21330,223303,36603,,,,0,3795340,21330
7/19/20,TX,3958,,93,,,,10592,0,,,,0,,,,,,325030,325030,7300,0,7752,7019,,,530494,172936,3355,,0,3774010,37156,221259,35788,,,,0,3774010,37156
7/18/20,TX,3865,,130,,,,10658,0,,,,0,,,,,,317730,317730,10158,0,7819,6886,,,523803,169581,7390,,0,3736854,67029,224935,34835,,,,0,3736854,67029
7/17/20,TX,3735,,174,,,,10632,0,,,,0,,,,,,307572,307572,14916,0,7811,6600,,,512180,162191,6254,,0,3669825,76811,224781,33004,,,,0,3669825,76811
7/16/20,TX,3561,,129,,,,10457,0,,,,0,,,,,,292656,292656,10291,0,7806,6295,,,498756,155937,6661,,0,3593014,84292,224433,31233,,,,0,3593014,84292
7/15/20,TX,3432,,110,,,,10471,0,,,,0,,,,,,282365,282365,10791,0,7652,6011,,,484441,149276,6878,,0,3508722,93615,222342,29393,,,,0,3508722,93615
7/14/20,TX,3322,,87,,,,10569,0,,,,0,,,,,,271574,271574,7261,0,7646,5682,,,468089,142398,5979,,0,3415107,87258,222123,27410,,,,0,3415107,87258
7/13/20,TX,3235,,43,,,,10405,0,,,,0,,,,,,264313,264313,5655,0,7542,5285,,,451588,136419,3781,,0,3327849,31418,217734,25258,,,,0,3327849,31418
7/12/20,TX,3192,,80,,,,10410,0,,,,0,,,,,,258658,258658,8196,0,7521,5098,,,445560,132638,4758,,0,3296431,48145,217536,24416,,,,0,3296431,48145
7/11/20,TX,3112,,99,,,,10083,0,,,,0,,,,,,250462,250462,10351,0,7485,4886,,,436458,127880,4884,,0,3248286,86577,214872,23537,,,,0,3248286,86577
7/10/20,TX,3013,,95,,,,10002,0,,,,0,,,,,,240111,240111,9765,0,7480,4564,,,420961,122996,4670,,0,3161709,91404,214114,21750,,,,0,3161709,91404
7/9/20,TX,2918,,105,,,,9689,0,,,,0,,,,,,230346,230346,9782,0,7466,4263,,,404239,118326,5042,,0,3070305,93998,213728,20047,,,,0,3070305,93998
7/8/20,TX,2813,,98,,,,9610,0,,,,0,,,,,,220564,220564,9979,0,7437,3952,,,385981,113284,4799,,0,2976307,92285,212321,18430,,,,0,2976307,92285
7/7/20,TX,2715,,60,,,,9286,0,,,,0,,,,,,210585,210585,10028,0,7408,3657,,,367848,108485,4703,,0,2884022,84843,210574,16999,,,,0,2884022,84843
7/6/20,TX,2655,,18,,,,8698,0,,,,0,,,,,,200557,200557,5318,0,7368,3352,,,349745,103782,2939,,0,2799179,32581,207980,15791,,,,0,2799179,32581
7/5/20,TX,2637,,29,,,,8181,0,,,,0,,,,,,195239,195239,3449,0,7307,3213,,,342235,100843,3413,,0,2766598,21121,204641,15223,,,,0,2766598,21121
7/4/20,TX,2608,,33,,,,7890,0,,,,0,,,,,,191790,191790,8258,0,7274,3100,,,337299,97430,3858,,0,2745477,60827,201782,14754,,,,0,2745477,60827
7/3/20,TX,2575,,50,,,,7652,0,,,,0,,,,,,183532,183532,7555,0,7255,2930,,,324612,93572,2852,,0,2684650,86170,199041,14053,,,,0,2684650,86170
7/2/20,TX,2525,,44,,,,7382,0,,,,0,,,,,,175977,175977,7915,0,7243,2712,,,307806,90720,3164,,0,2598480,85103,198745,13013,,,,0,2598480,85103
7/1/20,TX,2481,,57,,,,6904,0,,,,0,,,,,,168062,168062,8076,0,7234,2488,,,290850,87556,2738,,0,2513377,95012,197088,12058,,,,0,2513377,95012
6/30/20,TX,2424,,21,,,,6533,0,,,,0,,,,,,159986,159986,6975,0,7116,2219,,,272296,84818,3483,,0,2418365,91085,192657,11113,,,,0,2418365,91085
6/29/20,TX,2403,,10,,,,5913,0,,,,0,,,,,,153011,153011,4288,0,6973,2000,,,254258,81335,1361,,0,2327280,30546,187535,10346,,,,0,2327280,30546
6/28/20,TX,2393,,27,,,,5497,0,,,,0,,,,,,148723,148723,5357,0,6940,1872,,,247586,79974,1726,,0,2296734,48975,184398,9872,,,,0,2296734,48975
6/27/20,TX,2366,,42,,,,5523,0,,,,0,,,,,,143366,143366,5742,0,6918,1709,,,237339,78248,1966,,0,2247759,86143,180835,9321,,,,0,2247759,86143
6/26/20,TX,2324,,28,,,,5102,0,,,,0,,,,,,137624,137624,5707,0,6871,1542,,,221863,76282,1786,,0,2161616,77860,177863,8490,,,,0,2161616,77860
6/25/20,TX,2296,,47,,,,4739,0,,,,0,,,,,,131917,131917,5996,0,6823,1337,,,207327,74496,1598,,0,2083756,72894,176697,7673,,,,0,2083756,72894
6/24/20,TX,2249,,29,,,,4389,0,,,,0,,,,,,125921,125921,5551,0,6770,1175,,,193924,72898,2184,,0,2010862,63690,175384,6722,,,,0,2010862,63690
6/23/20,TX,2220,,28,,,,4092,0,,,,0,,,,,,120370,120370,5489,0,6606,1003,,,182161,70714,1524,,0,1947172,47285,170411,5811,,,,0,1947172,47285
6/22/20,TX,2192,,10,,,,3711,0,,,,0,,,,,,114881,114881,3280,0,6527,866,,,173856,69190,691,,0,1899887,16992,166168,5043,,,,0,1899887,16992
6/21/20,TX,2182,,17,,,,3409,0,,,,0,,,,,,111601,111601,3866,0,6493,739,,,170508,68499,1403,,0,1882895,30710,163944,4481,,,,0,1882895,30710
6/20/20,TX,2165,,25,,,,3247,0,,,,0,,,,,,107735,107735,4430,0,6431,623,,,165047,67096,1767,,0,1852185,50348,159453,3869,,,,0,1852185,50348
6/19/20,TX,2140,,35,,,,3148,0,,,,0,,,,,,103305,103305,3454,0,6262,493,,,156829,65329,1517,,0,1801837,44962,153011,3116,,,,0,1801837,44962
6/18/20,TX,2105,,43,,,,2947,0,,,,0,,,,,,99851,99851,3516,0,6258,401,,,149615,63812,1444,,0,1756875,50012,152796,2475,,,,0,1756875,50012
6/17/20,TX,2062,,33,,,,2793,0,,,,0,,,,,,96335,96335,3129,0,6258,316,,,142013,62368,1687,,0,1706863,52643,152796,1971,,,,0,1706863,52643
6/16/20,TX,2029,,46,,,,2518,0,,,,0,,,,,,93206,93206,4098,0,6189,270,,,135057,60681,1592,,0,1654220,43642,150573,1757,,,,0,1654220,43642
6/15/20,TX,1983,,7,,,,2326,0,,,,0,,,,,,89108,89108,1254,0,6135,219,,,128779,59089,748,,0,1610578,14922,149090,1544,,,,0,1610578,14922
6/14/20,TX,1976,,19,,,,2287,0,,,,0,,,,,,87854,87854,1843,0,6062,187,,,126327,58341,1806,,0,1595656,23965,146967,1391,,,,0,1595656,23965
6/13/20,TX,1957,,18,,,,2242,0,,,,0,,,,,,86011,86011,2331,0,5963,148,,,122603,56535,1277,,0,1571691,40707,144050,1205,,,,0,1571691,40707
6/12/20,TX,1939,,19,,,,2166,0,,,,0,,,,,,83680,83680,2097,0,5925,117,,,117638,55258,1162,,0,1530984,42643,143174,963,,,,0,1530984,42643
6/11/20,TX,1920,,35,,,,2008,0,,,,0,,,,,,81583,81583,1826,0,5906,90,,,112525,54096,1647,,0,1488341,40902,142573,758,,,,0,1488341,40902
6/10/20,TX,1885,,32,,,,2153,0,,,,0,,,,,,79757,79757,2504,0,5812,71,,,108133,52449,1309,,0,1447439,34957,140962,618,,,,0,1447439,34957
6/9/20,TX,1853,,23,,,,2056,0,,,,0,,,,,,77253,77253,1637,0,5710,50,,,104940,51140,1382,,0,1412482,29928,138784,502,,,,0,1412482,29928
6/8/20,TX,1830,,0,,,,1935,0,,,,0,,,,,,75616,75616,638,0,4767,47,,,102617,49758,0,,0,1382554,9999,118509,453,,,,0,1382554,9999
6/7/20,TX,1830,,11,,,,1878,0,,,,0,,,,,,74978,74978,1425,0,4767,47,,,101818,49758,863,,0,1372555,15233,118509,425,,,,0,1372555,15233
6/6/20,TX,1819,,31,,,,1822,0,,,,0,,,,,,73553,73553,1940,0,4659,43,,,100738,48895,1030,,0,1357322,27138,115910,394,,,,0,1357322,27138
6/5/20,TX,1788,,21,,,,1855,0,,,,0,,,,,,71613,71613,1693,0,4549,37,,,98909,47865,1066,,0,1330184,42713,113372,366,,,,0,1330184,42713
6/4/20,TX,1767,,33,,,,1796,0,,,,0,,,,,,69920,69920,1649,0,4500,34,,,95954,46799,941,,0,1287471,38322,112313,329,,,,0,1287471,38322
6/3/20,TX,1734,,36,,,,1487,0,,,,0,,,,,,68271,68271,1703,0,4395,33,,,93695,45858,1341,,0,1249149,42837,110506,293,,,,0,1249149,42837
6/2/20,TX,1698,,20,,,,1773,0,,,,0,,,,,,66568,66568,1688,0,4258,18,,,90855,44517,1179,,0,1206312,34283,107452,227,,,,0,1206312,34283
6/1/20,TX,1678,,6,,,,1756,0,,,,0,,,,,,64880,64880,593,0,4080,12,,,88332,43338,915,,0,1172029,15911,103460,185,,,,0,1172029,15911
5/31/20,TX,1672,,46,,,,1684,0,,,,0,,,,,,64287,64287,1949,0,4044,12,,,87508,42423,2355,,0,1156118,19647,102928,168,,,,0,1156118,19647
5/30/20,TX,1626,,0,,,,1752,0,,,,0,,,,,,62338,62338,1332,0,3882,8,,,86154,40068,0,,0,1136471,39847,98932,154,,,,0,1136471,39847
5/29/20,TX,1626,,25,,,,1701,0,,,,0,,,,,,61006,61006,1230,0,3782,5,,,83984,40068,1163,,0,1096624,34685,96719,115,,,,0,1096624,34685
5/28/20,TX,1601,,39,,,,1692,0,,,,0,,,,,,59776,59776,1855,0,3445,5,,,81893,38905,1279,,0,1061939,38986,88643,89,,,,0,1061939,38986
5/27/20,TX,1562,,26,,,,1645,0,,,,0,,,,,,57921,57921,1361,0,3406,3,,,79538,37626,1251,,0,1022953,41047,87565,62,,,,0,1022953,41047
5/26/20,TX,1536,,9,,,,1534,0,,,,0,,,,,,56560,56560,589,0,3294,1,,,76789,36375,1083,,0,981906,16093,84841,29,,,,0,981906,16093
5/25/20,TX,1527,,21,,,,1511,0,,,,0,,,,,,55971,55971,623,0,3163,,,,75779,35292,1907,,0,965813,24893,80700,,,,,0,965813,24893
5/24/20,TX,1506,,0,,,,1572,0,,,,0,,,,,,55348,55348,839,0,2866,,,,73832,33385,1108,,0,940920,22461,71731,,,,,0,940920,22461
5/23/20,TX,1506,,26,,,,1688,0,,,,0,,,,,,54509,54509,1060,0,2463,,,,72543,32277,1054,,0,918459,44864,60252,,,,,0,918459,44864
5/22/20,TX,1480,,40,,,,1578,0,,,,0,,,,,,53449,53449,1181,0,2463,,,,70288,31223,882,,0,873595,35232,49313,,,,,0,873595,35232
5/21/20,TX,1440,,21,,,,1680,0,,,,0,,,,,,52268,52268,945,0,2114,,,,68369,30341,0,,0,838363,33366,60252,,,,,0,838363,33366
5/20/20,TX,1419,,50,,,,1791,0,,,,0,,,,,,51323,51323,1411,0,,,,,66586,30341,982,,0,804997,33843,49313,,,,,0,804997,33843
5/19/20,TX,1369,,22,,,,1732,0,,,,0,,,,,,49912,49912,1219,0,,,,,64658,29359,988,,0,771154,36943,44791,,,,,0,771154,36943
5/18/20,TX,1347,,11,,,,1551,0,,,,0,,,,,,48693,48693,909,0,,,,,61814,28371,801,,0,734211,11780,43168,,,,,0,734211,11780
5/17/20,TX,1336,,31,,,,1512,0,,,,0,,,,,,47784,47784,785,0,,,,,60946,27570,969,,0,722431,14062,42921,,,,,0,722431,14062
5/16/20,TX,1305,,33,,,,1791,0,,,,0,,,,,,46999,46999,1801,0,,,,,60063,26601,1147,,0,708369,26722,39732,,,,,0,708369,26722
5/15/20,TX,1272,,56,,,,1716,0,,,,0,,,,,,45198,45198,1347,0,,,,,58262,25454,967,,0,681647,25172,36362,,,,,0,681647,25172
5/14/20,TX,1216,,58,,,,1648,0,,,,0,,,,,,43851,43851,1448,0,,,,,56494,24487,968,,0,656475,27227,35971,,,,,0,656475,27227
5/13/20,TX,1158,,25,,,,1676,0,,,,0,,,,,,42403,42403,1355,0,,,,,54739,23519,845,,0,629248,25752,30655,,,,,0,629248,25752
5/12/20,TX,1133,,33,,,,1725,0,,,,0,,,,,,41048,41048,1179,0,,,,,53175,22674,961,,0,603496,24713,,,,,,0,603496,24713
5/11/20,TX,1100,483,12,,,,1525,0,,,,0,,,,,,39869,39869,1000,0,,,,,51389,21713,691,,0,578783,6107,,,,,,0,578783,6107
5/10/20,TX,1088,481,39,,,,1626,0,,,,0,,,,,,38869,38869,1009,0,,,,,50981,21022,881,,0,572676,12667,,,,,,0,572676,12667
5/9/20,TX,1049,470,45,,,,1735,0,,,,0,,,,,,37860,37860,1251,0,,,,,49966,20141,944,,0,560009,23019,,,,,,0,560009,23019
5/8/20,TX,1004,453,31,,,,1734,0,,,,0,,,,,,36609,36609,1219,0,,,,,48434,19197,757,,0,536990,23354,,,,,,0,536990,23354
5/7/20,TX,973,449,25,,,,1750,0,,,,0,,,,,,35390,35390,968,0,,,,,46699,18440,818,,0,513636,22428,,,,,,0,513636,22428
5/6/20,TX,948,443,42,,,,1812,0,,,,0,,,,,,34422,34422,1053,0,,,,,45165,17622,831,,0,491208,22474,,,,,,0,491208,22474
5/5/20,TX,906,433,22,,,,1888,0,,,,0,,,,,,33369,33369,1037,0,,,,,43683,16791,701,,0,468734,23939,,,,,,0,468734,23939
5/4/20,TX,884,414,17,,,,1533,0,,,,0,,,,,,32332,32332,784,0,,,,,41855,16090,546,,0,444795,6756,,,,,,0,444795,6756
5/3/20,TX,867,,20,,,,1540,0,,,,0,,,,,,31548,31548,1026,0,,,,,41313,15544,653,,0,438039,10860,,,,,,0,438039,10860
5/2/20,TX,847,,31,,,,1725,0,,,,0,,,,,,30522,30522,1293,0,,,,,40528,14891,769,,0,427179,20131,,,,,,0,427179,20131
5/1/20,TX,816,,34,,,,1778,0,,,,0,,,,,,29229,29229,1142,0,,,,,39084,14122,769,,0,407048,20039,,,,,,0,407048,20039
4/30/20,TX,782,,50,,,,1686,0,,,,0,,,,,,28087,28087,1033,0,,,,,37630,13353,846,,0,387009,19888,,,,,,0,387009,19888
4/29/20,TX,732,,42,,,,1702,0,,,,0,,,,,,27054,27054,883,0,,,,,36080,12507,721,,0,367121,17392,,,,,,0,367121,17392
4/28/20,TX,690,,27,,,,1682,0,,,,0,,,,,,26171,26171,874,0,,,,,34662,11786,616,,0,349729,17581,,,,,,0,349729,17581
4/27/20,TX,663,,15,,,,1563,0,,,,0,,,,,,25297,25297,666,0,,,,,33166,11170,407,,0,332148,5635,,,,,,0,332148,5635
4/26/20,TX,648,,25,,,,1542,0,,,,0,,,,,,24631,24631,858,0,,,,,32716,10763,777,,0,326513,7951,,,,,,0,326513,7951
4/25/20,TX,623,,30,,,,1597,0,,,,0,,,,,,23773,23773,967,0,,,,,32051,9986,830,,0,318562,15742,,,,,,0,318562,15742
4/24/20,TX,593,,32,,,,1674,0,,,,0,,,,,,22806,22806,862,0,,,,,30597,9156,1131,,0,302820,14759,,,,,,0,302820,14759
4/23/20,TX,561,,18,,,,1649,0,,,,0,,,,,,21944,21944,875,0,,,,,29283,8025,684,,0,288061,12269,,,,,,0,288061,12269
4/22/20,TX,543,,26,,,,1678,0,,,,0,,,,,,21069,21069,873,0,,,,,28133,7341,855,,0,275792,12833,,,,,,0,275792,12833
4/21/20,TX,517,,22,,,,1419,0,,,,0,,,,,,20196,20196,738,0,,,,,26963,6486,780,,0,262959,13767,,,,,,0,262959,13767
4/20/20,TX,495,,18,,,,1411,0,,,,0,,,,,,19458,19458,535,0,,,,,25388,5706,372,,0,249192,3362,,,,,,0,249192,3362
4/19/20,TX,477,,24,,,,1471,0,,,,0,,,,,,18923,18923,663,0,,,,,25049,5334,528,,0,245830,6314,,,,,,0,245830,6314
4/18/20,TX,453,,25,,,,1321,0,,,,0,,,,,,18260,18260,889,0,,,,,24534,4806,616,,0,239516,12853,,,,,,0,239516,12853
4/17/20,TX,428,,35,,,,1522,0,,,,0,,,,,,17371,17371,916,0,,,,,23484,4190,513,,0,226663,12647,,,,,,0,226663,12647
4/16/20,TX,393,,29,,,,1459,0,,,,0,,,,,,16455,16455,963,0,,,,,22402,3677,527,,0,214016,11742,,,,,,0,214016,11742
4/15/20,TX,364,,46,,,,1538,0,,,,0,,,,,,15492,15492,868,0,,,,,21409,3150,570,,0,202274,9873,,,,,,0,202274,9873
4/14/20,TX,318,,31,,,,1409,0,,,,0,,,,,,14624,14624,718,0,,,,,20454,2580,311,,0,192401,9387,,,,,,0,192401,9387
4/13/20,TX,287,,16,,,,1176,0,,,,0,,,,,,13906,13906,422,0,,,,,19242,2269,255,,0,183014,2183,,,,,,0,183014,2183
4/12/20,TX,271,,17,,,,1338,0,,,,0,,,,,,13484,13484,923,0,,,,,18974,2014,397,,0,180831,4374,,,,,,0,180831,4374
4/11/20,TX,254,,28,,,,1514,0,,,,0,,,,,,12561,12561,890,0,,,,,18484,1617,251,,0,176457,10316,,,,,,0,176457,10316
4/10/20,TX,226,,27,,,,1532,0,,,,0,,,,,,11671,11671,1441,0,,,,,17430,1366,265,,0,166141,10016,,,,,,0,166141,10016
4/9/20,TX,199,,22,,,,1439,0,,,,0,,,,,,10230,10230,877,0,,,,,16406,1101,1063,,0,156125,9648,,,,,,0,156125,9648
4/8/20,TX,177,,23,,,,1491,0,,,,0,,,,,,9353,9353,1092,0,,,,,15378,38,0,,0,146477,10774,,,,,,0,146477,10774
4/7/20,TX,154,,14,,,,1252,0,,,,0,,,,,,8261,8261,988,0,,,,,14319,38,0,,0,135703,10135,,,,,,0,135703,10135
4/6/20,TX,140,,13,,,,1153,0,,,,0,,,,,,7273,7273,480,0,,,,,13274,38,0,,0,125568,6702,,,,,,0,125568,6702
4/5/20,TX,127,,22,,,,827,0,,,,0,,,,,,6793,6793,681,0,,,,,12693,38,0,,0,118866,4925,,,,,,0,118866,4925
4/4/20,TX,105,,15,,,,196,0,,,,0,,,,,,6112,6112,788,0,,,,,12043,38,0,,0,113941,9570,,,,,,0,113941,9570
4/3/20,TX,90,,20,,,,196,0,,,,0,,,,,,5324,5324,659,0,,,,,11059,38,0,,0,104371,9067,,,,,,0,104371,9067
4/2/20,TX,70,,12,,,,196,0,,,,0,,,,,,4665,4665,669,0,,,,,10054,38,0,,0,95304,8975,,,,,,0,95304,8975
4/1/20,TX,58,,17,,,,196,0,,,,0,,,,,,3996,3996,730,0,,,,,9091,38,0,,0,86329,8109,,,,,,0,86329,8109
3/31/20,TX,41,,7,,,,196,0,,,,0,,,,,,3266,3266,392,0,,,,,8249,38,0,,0,78220,7427,,,,,,0,78220,7427
3/30/20,TX,34,,0,,,,,0,,,,0,,,,,,2874,2874,322,0,,,,,7387,38,,,0,70793,2805,,,,,,0,70793,2805
3/29/20,TX,34,,7,,,,,0,,,,0,,,,,,2552,2552,504,0,,,,,6974,,,,0,67988,3842,,,,,,0,67988,3842
3/28/20,TX,27,,4,,,,,0,,,,0,,,,,,2048,2048,317,0,,,,,6498,,,,0,64146,8295,,,,,,0,64146,8295
3/27/20,TX,23,,5,,,,,0,,,,0,,,,,,1731,1731,337,0,,,,,5586,,,,0,55851,7205,,,,,,0,55851,7205
3/26/20,TX,18,,6,,,,,0,,,,0,,,,,,1394,1394,419,0,,,,,4726,,,,0,48646,6771,,,,,,0,48646,6771
3/25/20,TX,12,,3,,,,,0,,,,0,,,,,,975,975,263,0,,,,,3990,,,,0,41875,6719,,,,,,0,41875,6719
3/24/20,TX,9,,1,,,,,0,,,,0,,,,,,712,712,425,0,,,,,3226,,,,0,35156,6077,,,,,,0,35156,6077
3/23/20,TX,8,,3,,,,,0,,,,0,,,,,,287,287,24,0,,,,,2507,,,,0,29079,1836,,,,,,0,29079,1836
3/22/20,TX,5,,0,,,,,0,,,,0,,,,,,263,263,28,0,,,,,2233,,,,0,27243,2138,,,,,,0,27243,2138
3/21/20,TX,5,,0,,,,,0,,,,0,,,,,,235,235,60,0,,,,,1934,,,,0,25105,4683,,,,,,0,25105,4683
3/20/20,TX,5,,2,,,,,0,,,,0,,,,,,175,175,67,0,,,,,1581,,,,0,20422,4965,,,,,,0,20422,4965
3/19/20,TX,3,,1,,,,,0,,,,0,,,,,,108,108,26,0,,,,,1174,,,,0,15457,4056,,,,,,0,15457,4056
3/18/20,TX,2,,1,,,,,0,,,,0,,,,,,82,82,19,0,,,,,867,,,,0,11401,3299,,,,,,0,11401,3299
3/17/20,TX,1,,1,,,,,0,,,,0,,,,,,63,63,7,0,,,,,631,,,,0,8102,2606,,,,,,0,8102,2606
3/16/20,TX,,,0,,,,,0,,,,0,,,,,,56,56,0,0,,,,,430,,,,0,5496,575,,,,,,0,5496,575
3/15/20,TX,,,0,,,,,0,,,,0,,,,,,56,56,34,0,,,,,361,,,,0,4921,530,,,,,,0,4921,530
3/14/20,TX,,,0,,,,,0,,,,0,,,,,,22,22,0,0,,,,,302,,,,0,4391,960,,,,,,0,4391,960
3/13/20,TX,,,0,,,,,0,,,,0,,,,,,22,22,0,0,,,,,265,,,,0,3431,655,,,,,,0,3431,655
3/12/20,TX,,,0,,,,,0,,,,0,,,,,,22,22,4,0,,,,,239,,,,0,2776,305,,,,,,0,2776,305
3/11/20,TX,,,0,,,,,0,,,,0,,,,,,18,18,3,0,,,,,215,,,,0,2471,135,,,,,,0,2471,135
3/10/20,TX,,,0,,,,,0,,,,0,,,,,,15,15,3,0,,,,,209,,,,0,2336,50,,,,,,0,2336,50
3/9/20,TX,,,0,,,,,0,,,,0,,,,,,12,12,7,0,,,,,203,,,,0,2286,18,,,,,,0,2286,18
3/8/20,TX,,,0,,,,,0,,,,0,,,,,,5,5,0,0,,,,,202,,,,0,2268,8,,,,,,0,2268,8
3/7/20,TX,,,0,,,,,0,,,,0,,,,,,5,5,0,0,,,,,201,,,,0,2260,24,,,,,,0,2260,24
3/6/20,TX,,,0,,,,,0,,,,0,,,,,,5,5,5,0,,,,,200,,,,0,2236,1286,,,,,,0,2236,1286
3/5/20,TX,,,0,,,,,0,,,,0,,,,,,0,0,0,0,,,,,124,,,,0,950,930,,,,,,0,950,930
3/4/20,TX,,,0,,,,,0,,,,0,,,,,,0,0,0,0,,,,,7,,,,0,20,14,,,,,,0,20,14
3/3/20,TX,,,0,,,,,0,,,,0,,,,,,,,0,0,,,,,1,,,,0,6,0,,,,,,0,6,6