,I2HospitalRate_range,E2Irate_range,I2Rrate_range,delay_from_hospital_to_I_range,Beta_coeff_summer_range,winter_coeff_range,Beta_coeff_manual_setting_range,indFirstValidRow_range,indFirstAvailData_range,indLastAvailData_range,indLastValidRow_range,lower___for_sample_weights_range,upper___for_sample_weights_range,N0_range,S0_range,x0_range,n0_range,epsil_range
0,0.06,0.16666666666666666,0.11,4,0.085,0.5,0.55,28,50,240,321,1,100,57000000,57000000,0.7,0.6,30
1,0.06,0.16666666666666666,0.11,4,0.085,0.5,0.55,28,50,240,321,1,100,57000000,57000000,0.7,0.6,40
2,0.06,0.16666666666666666,0.11,4,0.085,0.5,0.55,28,50,240,321,1,100,57000000,57000000,0.7,0.8,30
3,0.06,0.16666666666666666,0.11,4,0.085,0.5,0.55,28,50,240,321,1,100,57000000,57000000,0.7,0.8,40
4,0.06,0.16666666666666666,0.11,4,0.085,0.5,0.55,28,50,240,321,1,100,57000000,57000000,0.7,0.9,30
5,0.06,0.16666666666666666,0.11,4,0.085,0.5,0.55,28,50,240,321,1,100,57000000,57000000,0.7,0.9,40
6,0.06,0.16666666666666666,0.11,4,0.085,0.7,0.55,28,50,240,321,1,100,57000000,57000000,0.7,0.6,30
7,0.06,0.16666666666666666,0.11,4,0.085,0.7,0.55,28,50,240,321,1,100,57000000,57000000,0.7,0.6,40
8,0.06,0.16666666666666666,0.11,4,0.085,0.7,0.55,28,50,240,321,1,100,57000000,57000000,0.7,0.8,30
9,0.06,0.16666666666666666,0.11,4,0.085,0.7,0.55,28,50,240,321,1,100,57000000,57000000,0.7,0.8,40
10,0.06,0.16666666666666666,0.11,4,0.085,0.7,0.55,28,50,240,321,1,100,57000000,57000000,0.7,0.9,30
11,0.06,0.16666666666666666,0.11,4,0.085,0.7,0.55,28,50,240,321,1,100,57000000,57000000,0.7,0.9,40
12,0.06,0.16666666666666666,0.11,4,0.1,0.5,0.55,28,50,240,321,1,100,57000000,57000000,0.7,0.6,30
13,0.06,0.16666666666666666,0.11,4,0.1,0.5,0.55,28,50,240,321,1,100,57000000,57000000,0.7,0.6,40
14,0.06,0.16666666666666666,0.11,4,0.1,0.5,0.55,28,50,240,321,1,100,57000000,57000000,0.7,0.8,30
15,0.06,0.16666666666666666,0.11,4,0.1,0.5,0.55,28,50,240,321,1,100,57000000,57000000,0.7,0.8,40
16,0.06,0.16666666666666666,0.11,4,0.1,0.5,0.55,28,50,240,321,1,100,57000000,57000000,0.7,0.9,30
17,0.06,0.16666666666666666,0.11,4,0.1,0.5,0.55,28,50,240,321,1,100,57000000,57000000,0.7,0.9,40
18,0.06,0.16666666666666666,0.11,4,0.1,0.7,0.55,28,50,240,321,1,100,57000000,57000000,0.7,0.6,30
19,0.06,0.16666666666666666,0.11,4,0.1,0.7,0.55,28,50,240,321,1,100,57000000,57000000,0.7,0.6,40
20,0.06,0.16666666666666666,0.11,4,0.1,0.7,0.55,28,50,240,321,1,100,57000000,57000000,0.7,0.8,30
21,0.06,0.16666666666666666,0.11,4,0.1,0.7,0.55,28,50,240,321,1,100,57000000,57000000,0.7,0.8,40
22,0.06,0.16666666666666666,0.11,4,0.1,0.7,0.55,28,50,240,321,1,100,57000000,57000000,0.7,0.9,30
23,0.06,0.16666666666666666,0.11,4,0.1,0.7,0.55,28,50,240,321,1,100,57000000,57000000,0.7,0.9,40
24,0.06,0.16666666666666666,0.11,4,0.15,0.5,0.55,28,50,240,321,1,100,57000000,57000000,0.7,0.6,30
25,0.06,0.16666666666666666,0.11,4,0.15,0.5,0.55,28,50,240,321,1,100,57000000,57000000,0.7,0.6,40
26,0.06,0.16666666666666666,0.11,4,0.15,0.5,0.55,28,50,240,321,1,100,57000000,57000000,0.7,0.8,30
27,0.06,0.16666666666666666,0.11,4,0.15,0.5,0.55,28,50,240,321,1,100,57000000,57000000,0.7,0.8,40
28,0.06,0.16666666666666666,0.11,4,0.15,0.5,0.55,28,50,240,321,1,100,57000000,57000000,0.7,0.9,30
29,0.06,0.16666666666666666,0.11,4,0.15,0.5,0.55,28,50,240,321,1,100,57000000,57000000,0.7,0.9,40
30,0.06,0.16666666666666666,0.11,4,0.15,0.7,0.55,28,50,240,321,1,100,57000000,57000000,0.7,0.6,30
31,0.06,0.16666666666666666,0.11,4,0.15,0.7,0.55,28,50,240,321,1,100,57000000,57000000,0.7,0.6,40
32,0.06,0.16666666666666666,0.11,4,0.15,0.7,0.55,28,50,240,321,1,100,57000000,57000000,0.7,0.8,30
33,0.06,0.16666666666666666,0.11,4,0.15,0.7,0.55,28,50,240,321,1,100,57000000,57000000,0.7,0.8,40
34,0.06,0.16666666666666666,0.11,4,0.15,0.7,0.55,28,50,240,321,1,100,57000000,57000000,0.7,0.9,30
35,0.06,0.16666666666666666,0.11,4,0.15,0.7,0.55,28,50,240,321,1,100,57000000,57000000,0.7,0.9,40
36,0.06,0.16666666666666666,0.11,9,0.085,0.5,0.55,28,50,240,321,1,100,57000000,57000000,0.7,0.6,30
37,0.06,0.16666666666666666,0.11,9,0.085,0.5,0.55,28,50,240,321,1,100,57000000,57000000,0.7,0.6,40
38,0.06,0.16666666666666666,0.11,9,0.085,0.5,0.55,28,50,240,321,1,100,57000000,57000000,0.7,0.8,30
39,0.06,0.16666666666666666,0.11,9,0.085,0.5,0.55,28,50,240,321,1,100,57000000,57000000,0.7,0.8,40
40,0.06,0.16666666666666666,0.11,9,0.085,0.5,0.55,28,50,240,321,1,100,57000000,57000000,0.7,0.9,30
41,0.06,0.16666666666666666,0.11,9,0.085,0.5,0.55,28,50,240,321,1,100,57000000,57000000,0.7,0.9,40
42,0.06,0.16666666666666666,0.11,9,0.085,0.7,0.55,28,50,240,321,1,100,57000000,57000000,0.7,0.6,30
43,0.06,0.16666666666666666,0.11,9,0.085,0.7,0.55,28,50,240,321,1,100,57000000,57000000,0.7,0.6,40
44,0.06,0.16666666666666666,0.11,9,0.085,0.7,0.55,28,50,240,321,1,100,57000000,57000000,0.7,0.8,30
45,0.06,0.16666666666666666,0.11,9,0.085,0.7,0.55,28,50,240,321,1,100,57000000,57000000,0.7,0.8,40
46,0.06,0.16666666666666666,0.11,9,0.085,0.7,0.55,28,50,240,321,1,100,57000000,57000000,0.7,0.9,30
47,0.06,0.16666666666666666,0.11,9,0.085,0.7,0.55,28,50,240,321,1,100,57000000,57000000,0.7,0.9,40
48,0.06,0.16666666666666666,0.11,9,0.1,0.5,0.55,28,50,240,321,1,100,57000000,57000000,0.7,0.6,30
49,0.06,0.16666666666666666,0.11,9,0.1,0.5,0.55,28,50,240,321,1,100,57000000,57000000,0.7,0.6,40
50,0.06,0.16666666666666666,0.11,9,0.1,0.5,0.55,28,50,240,321,1,100,57000000,57000000,0.7,0.8,30
51,0.06,0.16666666666666666,0.11,9,0.1,0.5,0.55,28,50,240,321,1,100,57000000,57000000,0.7,0.8,40
52,0.06,0.16666666666666666,0.11,9,0.1,0.5,0.55,28,50,240,321,1,100,57000000,57000000,0.7,0.9,30
53,0.06,0.16666666666666666,0.11,9,0.1,0.5,0.55,28,50,240,321,1,100,57000000,57000000,0.7,0.9,40
54,0.06,0.16666666666666666,0.11,9,0.1,0.7,0.55,28,50,240,321,1,100,57000000,57000000,0.7,0.6,30
55,0.06,0.16666666666666666,0.11,9,0.1,0.7,0.55,28,50,240,321,1,100,57000000,57000000,0.7,0.6,40
56,0.06,0.16666666666666666,0.11,9,0.1,0.7,0.55,28,50,240,321,1,100,57000000,57000000,0.7,0.8,30
57,0.06,0.16666666666666666,0.11,9,0.1,0.7,0.55,28,50,240,321,1,100,57000000,57000000,0.7,0.8,40
58,0.06,0.16666666666666666,0.11,9,0.1,0.7,0.55,28,50,240,321,1,100,57000000,57000000,0.7,0.9,30
59,0.06,0.16666666666666666,0.11,9,0.1,0.7,0.55,28,50,240,321,1,100,57000000,57000000,0.7,0.9,40
60,0.06,0.16666666666666666,0.11,9,0.15,0.5,0.55,28,50,240,321,1,100,57000000,57000000,0.7,0.6,30
61,0.06,0.16666666666666666,0.11,9,0.15,0.5,0.55,28,50,240,321,1,100,57000000,57000000,0.7,0.6,40
62,0.06,0.16666666666666666,0.11,9,0.15,0.5,0.55,28,50,240,321,1,100,57000000,57000000,0.7,0.8,30
63,0.06,0.16666666666666666,0.11,9,0.15,0.5,0.55,28,50,240,321,1,100,57000000,57000000,0.7,0.8,40
64,0.06,0.16666666666666666,0.11,9,0.15,0.5,0.55,28,50,240,321,1,100,57000000,57000000,0.7,0.9,30
65,0.06,0.16666666666666666,0.11,9,0.15,0.5,0.55,28,50,240,321,1,100,57000000,57000000,0.7,0.9,40
66,0.06,0.16666666666666666,0.11,9,0.15,0.7,0.55,28,50,240,321,1,100,57000000,57000000,0.7,0.6,30
67,0.06,0.16666666666666666,0.11,9,0.15,0.7,0.55,28,50,240,321,1,100,57000000,57000000,0.7,0.6,40
68,0.06,0.16666666666666666,0.11,9,0.15,0.7,0.55,28,50,240,321,1,100,57000000,57000000,0.7,0.8,30
69,0.06,0.16666666666666666,0.11,9,0.15,0.7,0.55,28,50,240,321,1,100,57000000,57000000,0.7,0.8,40
70,0.06,0.16666666666666666,0.11,9,0.15,0.7,0.55,28,50,240,321,1,100,57000000,57000000,0.7,0.9,30
71,0.06,0.16666666666666666,0.11,9,0.15,0.7,0.55,28,50,240,321,1,100,57000000,57000000,0.7,0.9,40
72,0.06,0.16666666666666666,0.11,16,0.085,0.5,0.55,28,50,240,321,1,100,57000000,57000000,0.7,0.6,30
73,0.06,0.16666666666666666,0.11,16,0.085,0.5,0.55,28,50,240,321,1,100,57000000,57000000,0.7,0.6,40
74,0.06,0.16666666666666666,0.11,16,0.085,0.5,0.55,28,50,240,321,1,100,57000000,57000000,0.7,0.8,30
75,0.06,0.16666666666666666,0.11,16,0.085,0.5,0.55,28,50,240,321,1,100,57000000,57000000,0.7,0.8,40
76,0.06,0.16666666666666666,0.11,16,0.085,0.5,0.55,28,50,240,321,1,100,57000000,57000000,0.7,0.9,30
77,0.06,0.16666666666666666,0.11,16,0.085,0.5,0.55,28,50,240,321,1,100,57000000,57000000,0.7,0.9,40
78,0.06,0.16666666666666666,0.11,16,0.085,0.7,0.55,28,50,240,321,1,100,57000000,57000000,0.7,0.6,30
79,0.06,0.16666666666666666,0.11,16,0.085,0.7,0.55,28,50,240,321,1,100,57000000,57000000,0.7,0.6,40
80,0.06,0.16666666666666666,0.11,16,0.085,0.7,0.55,28,50,240,321,1,100,57000000,57000000,0.7,0.8,30
81,0.06,0.16666666666666666,0.11,16,0.085,0.7,0.55,28,50,240,321,1,100,57000000,57000000,0.7,0.8,40
82,0.06,0.16666666666666666,0.11,16,0.085,0.7,0.55,28,50,240,321,1,100,57000000,57000000,0.7,0.9,30
83,0.06,0.16666666666666666,0.11,16,0.085,0.7,0.55,28,50,240,321,1,100,57000000,57000000,0.7,0.9,40
84,0.06,0.16666666666666666,0.11,16,0.1,0.5,0.55,28,50,240,321,1,100,57000000,57000000,0.7,0.6,30
85,0.06,0.16666666666666666,0.11,16,0.1,0.5,0.55,28,50,240,321,1,100,57000000,57000000,0.7,0.6,40
86,0.06,0.16666666666666666,0.11,16,0.1,0.5,0.55,28,50,240,321,1,100,57000000,57000000,0.7,0.8,30
87,0.06,0.16666666666666666,0.11,16,0.1,0.5,0.55,28,50,240,321,1,100,57000000,57000000,0.7,0.8,40
88,0.06,0.16666666666666666,0.11,16,0.1,0.5,0.55,28,50,240,321,1,100,57000000,57000000,0.7,0.9,30
89,0.06,0.16666666666666666,0.11,16,0.1,0.5,0.55,28,50,240,321,1,100,57000000,57000000,0.7,0.9,40
90,0.06,0.16666666666666666,0.11,16,0.1,0.7,0.55,28,50,240,321,1,100,57000000,57000000,0.7,0.6,30
91,0.06,0.16666666666666666,0.11,16,0.1,0.7,0.55,28,50,240,321,1,100,57000000,57000000,0.7,0.6,40
92,0.06,0.16666666666666666,0.11,16,0.1,0.7,0.55,28,50,240,321,1,100,57000000,57000000,0.7,0.8,30
93,0.06,0.16666666666666666,0.11,16,0.1,0.7,0.55,28,50,240,321,1,100,57000000,57000000,0.7,0.8,40
94,0.06,0.16666666666666666,0.11,16,0.1,0.7,0.55,28,50,240,321,1,100,57000000,57000000,0.7,0.9,30
95,0.06,0.16666666666666666,0.11,16,0.1,0.7,0.55,28,50,240,321,1,100,57000000,57000000,0.7,0.9,40
96,0.06,0.16666666666666666,0.11,16,0.15,0.5,0.55,28,50,240,321,1,100,57000000,57000000,0.7,0.6,30
97,0.06,0.16666666666666666,0.11,16,0.15,0.5,0.55,28,50,240,321,1,100,57000000,57000000,0.7,0.6,40
98,0.06,0.16666666666666666,0.11,16,0.15,0.5,0.55,28,50,240,321,1,100,57000000,57000000,0.7,0.8,30
99,0.06,0.16666666666666666,0.11,16,0.15,0.5,0.55,28,50,240,321,1,100,57000000,57000000,0.7,0.8,40
100,0.06,0.16666666666666666,0.11,16,0.15,0.5,0.55,28,50,240,321,1,100,57000000,57000000,0.7,0.9,30
101,0.06,0.16666666666666666,0.11,16,0.15,0.5,0.55,28,50,240,321,1,100,57000000,57000000,0.7,0.9,40
102,0.06,0.16666666666666666,0.11,16,0.15,0.7,0.55,28,50,240,321,1,100,57000000,57000000,0.7,0.6,30
103,0.06,0.16666666666666666,0.11,16,0.15,0.7,0.55,28,50,240,321,1,100,57000000,57000000,0.7,0.6,40
104,0.06,0.16666666666666666,0.11,16,0.15,0.7,0.55,28,50,240,321,1,100,57000000,57000000,0.7,0.8,30
105,0.06,0.16666666666666666,0.11,16,0.15,0.7,0.55,28,50,240,321,1,100,57000000,57000000,0.7,0.8,40
106,0.06,0.16666666666666666,0.11,16,0.15,0.7,0.55,28,50,240,321,1,100,57000000,57000000,0.7,0.9,30
107,0.06,0.16666666666666666,0.11,16,0.15,0.7,0.55,28,50,240,321,1,100,57000000,57000000,0.7,0.9,40
108,0.06,0.14285714285714285,0.11,4,0.085,0.5,0.55,28,50,240,321,1,100,57000000,57000000,0.7,0.6,30
109,0.06,0.14285714285714285,0.11,4,0.085,0.5,0.55,28,50,240,321,1,100,57000000,57000000,0.7,0.6,40
110,0.06,0.14285714285714285,0.11,4,0.085,0.5,0.55,28,50,240,321,1,100,57000000,57000000,0.7,0.8,30
111,0.06,0.14285714285714285,0.11,4,0.085,0.5,0.55,28,50,240,321,1,100,57000000,57000000,0.7,0.8,40
112,0.06,0.14285714285714285,0.11,4,0.085,0.5,0.55,28,50,240,321,1,100,57000000,57000000,0.7,0.9,30
113,0.06,0.14285714285714285,0.11,4,0.085,0.5,0.55,28,50,240,321,1,100,57000000,57000000,0.7,0.9,40
114,0.06,0.14285714285714285,0.11,4,0.085,0.7,0.55,28,50,240,321,1,100,57000000,57000000,0.7,0.6,30
115,0.06,0.14285714285714285,0.11,4,0.085,0.7,0.55,28,50,240,321,1,100,57000000,57000000,0.7,0.6,40
116,0.06,0.14285714285714285,0.11,4,0.085,0.7,0.55,28,50,240,321,1,100,57000000,57000000,0.7,0.8,30
117,0.06,0.14285714285714285,0.11,4,0.085,0.7,0.55,28,50,240,321,1,100,57000000,57000000,0.7,0.8,40
118,0.06,0.14285714285714285,0.11,4,0.085,0.7,0.55,28,50,240,321,1,100,57000000,57000000,0.7,0.9,30
119,0.06,0.14285714285714285,0.11,4,0.085,0.7,0.55,28,50,240,321,1,100,57000000,57000000,0.7,0.9,40
120,0.06,0.14285714285714285,0.11,4,0.1,0.5,0.55,28,50,240,321,1,100,57000000,57000000,0.7,0.6,30
121,0.06,0.14285714285714285,0.11,4,0.1,0.5,0.55,28,50,240,321,1,100,57000000,57000000,0.7,0.6,40
122,0.06,0.14285714285714285,0.11,4,0.1,0.5,0.55,28,50,240,321,1,100,57000000,57000000,0.7,0.8,30
123,0.06,0.14285714285714285,0.11,4,0.1,0.5,0.55,28,50,240,321,1,100,57000000,57000000,0.7,0.8,40
124,0.06,0.14285714285714285,0.11,4,0.1,0.5,0.55,28,50,240,321,1,100,57000000,57000000,0.7,0.9,30
125,0.06,0.14285714285714285,0.11,4,0.1,0.5,0.55,28,50,240,321,1,100,57000000,57000000,0.7,0.9,40
126,0.06,0.14285714285714285,0.11,4,0.1,0.7,0.55,28,50,240,321,1,100,57000000,57000000,0.7,0.6,30
127,0.06,0.14285714285714285,0.11,4,0.1,0.7,0.55,28,50,240,321,1,100,57000000,57000000,0.7,0.6,40
128,0.06,0.14285714285714285,0.11,4,0.1,0.7,0.55,28,50,240,321,1,100,57000000,57000000,0.7,0.8,30
129,0.06,0.14285714285714285,0.11,4,0.1,0.7,0.55,28,50,240,321,1,100,57000000,57000000,0.7,0.8,40
130,0.06,0.14285714285714285,0.11,4,0.1,0.7,0.55,28,50,240,321,1,100,57000000,57000000,0.7,0.9,30
131,0.06,0.14285714285714285,0.11,4,0.1,0.7,0.55,28,50,240,321,1,100,57000000,57000000,0.7,0.9,40
132,0.06,0.14285714285714285,0.11,4,0.15,0.5,0.55,28,50,240,321,1,100,57000000,57000000,0.7,0.6,30
133,0.06,0.14285714285714285,0.11,4,0.15,0.5,0.55,28,50,240,321,1,100,57000000,57000000,0.7,0.6,40
134,0.06,0.14285714285714285,0.11,4,0.15,0.5,0.55,28,50,240,321,1,100,57000000,57000000,0.7,0.8,30
135,0.06,0.14285714285714285,0.11,4,0.15,0.5,0.55,28,50,240,321,1,100,57000000,57000000,0.7,0.8,40
136,0.06,0.14285714285714285,0.11,4,0.15,0.5,0.55,28,50,240,321,1,100,57000000,57000000,0.7,0.9,30
137,0.06,0.14285714285714285,0.11,4,0.15,0.5,0.55,28,50,240,321,1,100,57000000,57000000,0.7,0.9,40
138,0.06,0.14285714285714285,0.11,4,0.15,0.7,0.55,28,50,240,321,1,100,57000000,57000000,0.7,0.6,30
139,0.06,0.14285714285714285,0.11,4,0.15,0.7,0.55,28,50,240,321,1,100,57000000,57000000,0.7,0.6,40
140,0.06,0.14285714285714285,0.11,4,0.15,0.7,0.55,28,50,240,321,1,100,57000000,57000000,0.7,0.8,30
141,0.06,0.14285714285714285,0.11,4,0.15,0.7,0.55,28,50,240,321,1,100,57000000,57000000,0.7,0.8,40
142,0.06,0.14285714285714285,0.11,4,0.15,0.7,0.55,28,50,240,321,1,100,57000000,57000000,0.7,0.9,30
143,0.06,0.14285714285714285,0.11,4,0.15,0.7,0.55,28,50,240,321,1,100,57000000,57000000,0.7,0.9,40
144,0.06,0.14285714285714285,0.11,9,0.085,0.5,0.55,28,50,240,321,1,100,57000000,57000000,0.7,0.6,30
145,0.06,0.14285714285714285,0.11,9,0.085,0.5,0.55,28,50,240,321,1,100,57000000,57000000,0.7,0.6,40
146,0.06,0.14285714285714285,0.11,9,0.085,0.5,0.55,28,50,240,321,1,100,57000000,57000000,0.7,0.8,30
147,0.06,0.14285714285714285,0.11,9,0.085,0.5,0.55,28,50,240,321,1,100,57000000,57000000,0.7,0.8,40
148,0.06,0.14285714285714285,0.11,9,0.085,0.5,0.55,28,50,240,321,1,100,57000000,57000000,0.7,0.9,30
149,0.06,0.14285714285714285,0.11,9,0.085,0.5,0.55,28,50,240,321,1,100,57000000,57000000,0.7,0.9,40
150,0.06,0.14285714285714285,0.11,9,0.085,0.7,0.55,28,50,240,321,1,100,57000000,57000000,0.7,0.6,30
151,0.06,0.14285714285714285,0.11,9,0.085,0.7,0.55,28,50,240,321,1,100,57000000,57000000,0.7,0.6,40
152,0.06,0.14285714285714285,0.11,9,0.085,0.7,0.55,28,50,240,321,1,100,57000000,57000000,0.7,0.8,30
153,0.06,0.14285714285714285,0.11,9,0.085,0.7,0.55,28,50,240,321,1,100,57000000,57000000,0.7,0.8,40
154,0.06,0.14285714285714285,0.11,9,0.085,0.7,0.55,28,50,240,321,1,100,57000000,57000000,0.7,0.9,30
155,0.06,0.14285714285714285,0.11,9,0.085,0.7,0.55,28,50,240,321,1,100,57000000,57000000,0.7,0.9,40
156,0.06,0.14285714285714285,0.11,9,0.1,0.5,0.55,28,50,240,321,1,100,57000000,57000000,0.7,0.6,30
157,0.06,0.14285714285714285,0.11,9,0.1,0.5,0.55,28,50,240,321,1,100,57000000,57000000,0.7,0.6,40
158,0.06,0.14285714285714285,0.11,9,0.1,0.5,0.55,28,50,240,321,1,100,57000000,57000000,0.7,0.8,30
159,0.06,0.14285714285714285,0.11,9,0.1,0.5,0.55,28,50,240,321,1,100,57000000,57000000,0.7,0.8,40
160,0.06,0.14285714285714285,0.11,9,0.1,0.5,0.55,28,50,240,321,1,100,57000000,57000000,0.7,0.9,30
161,0.06,0.14285714285714285,0.11,9,0.1,0.5,0.55,28,50,240,321,1,100,57000000,57000000,0.7,0.9,40
162,0.06,0.14285714285714285,0.11,9,0.1,0.7,0.55,28,50,240,321,1,100,57000000,57000000,0.7,0.6,30
163,0.06,0.14285714285714285,0.11,9,0.1,0.7,0.55,28,50,240,321,1,100,57000000,57000000,0.7,0.6,40
164,0.06,0.14285714285714285,0.11,9,0.1,0.7,0.55,28,50,240,321,1,100,57000000,57000000,0.7,0.8,30
165,0.06,0.14285714285714285,0.11,9,0.1,0.7,0.55,28,50,240,321,1,100,57000000,57000000,0.7,0.8,40
166,0.06,0.14285714285714285,0.11,9,0.1,0.7,0.55,28,50,240,321,1,100,57000000,57000000,0.7,0.9,30
167,0.06,0.14285714285714285,0.11,9,0.1,0.7,0.55,28,50,240,321,1,100,57000000,57000000,0.7,0.9,40
168,0.06,0.14285714285714285,0.11,9,0.15,0.5,0.55,28,50,240,321,1,100,57000000,57000000,0.7,0.6,30
169,0.06,0.14285714285714285,0.11,9,0.15,0.5,0.55,28,50,240,321,1,100,57000000,57000000,0.7,0.6,40
170,0.06,0.14285714285714285,0.11,9,0.15,0.5,0.55,28,50,240,321,1,100,57000000,57000000,0.7,0.8,30
171,0.06,0.14285714285714285,0.11,9,0.15,0.5,0.55,28,50,240,321,1,100,57000000,57000000,0.7,0.8,40
172,0.06,0.14285714285714285,0.11,9,0.15,0.5,0.55,28,50,240,321,1,100,57000000,57000000,0.7,0.9,30
173,0.06,0.14285714285714285,0.11,9,0.15,0.5,0.55,28,50,240,321,1,100,57000000,57000000,0.7,0.9,40
174,0.06,0.14285714285714285,0.11,9,0.15,0.7,0.55,28,50,240,321,1,100,57000000,57000000,0.7,0.6,30
175,0.06,0.14285714285714285,0.11,9,0.15,0.7,0.55,28,50,240,321,1,100,57000000,57000000,0.7,0.6,40
176,0.06,0.14285714285714285,0.11,9,0.15,0.7,0.55,28,50,240,321,1,100,57000000,57000000,0.7,0.8,30
177,0.06,0.14285714285714285,0.11,9,0.15,0.7,0.55,28,50,240,321,1,100,57000000,57000000,0.7,0.8,40
178,0.06,0.14285714285714285,0.11,9,0.15,0.7,0.55,28,50,240,321,1,100,57000000,57000000,0.7,0.9,30
179,0.06,0.14285714285714285,0.11,9,0.15,0.7,0.55,28,50,240,321,1,100,57000000,57000000,0.7,0.9,40
180,0.06,0.14285714285714285,0.11,16,0.085,0.5,0.55,28,50,240,321,1,100,57000000,57000000,0.7,0.6,30
181,0.06,0.14285714285714285,0.11,16,0.085,0.5,0.55,28,50,240,321,1,100,57000000,57000000,0.7,0.6,40
182,0.06,0.14285714285714285,0.11,16,0.085,0.5,0.55,28,50,240,321,1,100,57000000,57000000,0.7,0.8,30
183,0.06,0.14285714285714285,0.11,16,0.085,0.5,0.55,28,50,240,321,1,100,57000000,57000000,0.7,0.8,40
184,0.06,0.14285714285714285,0.11,16,0.085,0.5,0.55,28,50,240,321,1,100,57000000,57000000,0.7,0.9,30
185,0.06,0.14285714285714285,0.11,16,0.085,0.5,0.55,28,50,240,321,1,100,57000000,57000000,0.7,0.9,40
186,0.06,0.14285714285714285,0.11,16,0.085,0.7,0.55,28,50,240,321,1,100,57000000,57000000,0.7,0.6,30
187,0.06,0.14285714285714285,0.11,16,0.085,0.7,0.55,28,50,240,321,1,100,57000000,57000000,0.7,0.6,40
188,0.06,0.14285714285714285,0.11,16,0.085,0.7,0.55,28,50,240,321,1,100,57000000,57000000,0.7,0.8,30
189,0.06,0.14285714285714285,0.11,16,0.085,0.7,0.55,28,50,240,321,1,100,57000000,57000000,0.7,0.8,40
190,0.06,0.14285714285714285,0.11,16,0.085,0.7,0.55,28,50,240,321,1,100,57000000,57000000,0.7,0.9,30
191,0.06,0.14285714285714285,0.11,16,0.085,0.7,0.55,28,50,240,321,1,100,57000000,57000000,0.7,0.9,40
192,0.06,0.14285714285714285,0.11,16,0.1,0.5,0.55,28,50,240,321,1,100,57000000,57000000,0.7,0.6,30
193,0.06,0.14285714285714285,0.11,16,0.1,0.5,0.55,28,50,240,321,1,100,57000000,57000000,0.7,0.6,40
194,0.06,0.14285714285714285,0.11,16,0.1,0.5,0.55,28,50,240,321,1,100,57000000,57000000,0.7,0.8,30
195,0.06,0.14285714285714285,0.11,16,0.1,0.5,0.55,28,50,240,321,1,100,57000000,57000000,0.7,0.8,40
196,0.06,0.14285714285714285,0.11,16,0.1,0.5,0.55,28,50,240,321,1,100,57000000,57000000,0.7,0.9,30
197,0.06,0.14285714285714285,0.11,16,0.1,0.5,0.55,28,50,240,321,1,100,57000000,57000000,0.7,0.9,40
198,0.06,0.14285714285714285,0.11,16,0.1,0.7,0.55,28,50,240,321,1,100,57000000,57000000,0.7,0.6,30
199,0.06,0.14285714285714285,0.11,16,0.1,0.7,0.55,28,50,240,321,1,100,57000000,57000000,0.7,0.6,40
200,0.06,0.14285714285714285,0.11,16,0.1,0.7,0.55,28,50,240,321,1,100,57000000,57000000,0.7,0.8,30
201,0.06,0.14285714285714285,0.11,16,0.1,0.7,0.55,28,50,240,321,1,100,57000000,57000000,0.7,0.8,40
202,0.06,0.14285714285714285,0.11,16,0.1,0.7,0.55,28,50,240,321,1,100,57000000,57000000,0.7,0.9,30
203,0.06,0.14285714285714285,0.11,16,0.1,0.7,0.55,28,50,240,321,1,100,57000000,57000000,0.7,0.9,40
204,0.06,0.14285714285714285,0.11,16,0.15,0.5,0.55,28,50,240,321,1,100,57000000,57000000,0.7,0.6,30
205,0.06,0.14285714285714285,0.11,16,0.15,0.5,0.55,28,50,240,321,1,100,57000000,57000000,0.7,0.6,40
206,0.06,0.14285714285714285,0.11,16,0.15,0.5,0.55,28,50,240,321,1,100,57000000,57000000,0.7,0.8,30
207,0.06,0.14285714285714285,0.11,16,0.15,0.5,0.55,28,50,240,321,1,100,57000000,57000000,0.7,0.8,40
208,0.06,0.14285714285714285,0.11,16,0.15,0.5,0.55,28,50,240,321,1,100,57000000,57000000,0.7,0.9,30
209,0.06,0.14285714285714285,0.11,16,0.15,0.5,0.55,28,50,240,321,1,100,57000000,57000000,0.7,0.9,40
210,0.06,0.14285714285714285,0.11,16,0.15,0.7,0.55,28,50,240,321,1,100,57000000,57000000,0.7,0.6,30
211,0.06,0.14285714285714285,0.11,16,0.15,0.7,0.55,28,50,240,321,1,100,57000000,57000000,0.7,0.6,40
212,0.06,0.14285714285714285,0.11,16,0.15,0.7,0.55,28,50,240,321,1,100,57000000,57000000,0.7,0.8,30
213,0.06,0.14285714285714285,0.11,16,0.15,0.7,0.55,28,50,240,321,1,100,57000000,57000000,0.7,0.8,40
214,0.06,0.14285714285714285,0.11,16,0.15,0.7,0.55,28,50,240,321,1,100,57000000,57000000,0.7,0.9,30
215,0.06,0.14285714285714285,0.11,16,0.15,0.7,0.55,28,50,240,321,1,100,57000000,57000000,0.7,0.9,40
216,0.06,0.1111111111111111,0.11,4,0.085,0.5,0.55,28,50,240,321,1,100,57000000,57000000,0.7,0.6,30
217,0.06,0.1111111111111111,0.11,4,0.085,0.5,0.55,28,50,240,321,1,100,57000000,57000000,0.7,0.6,40
218,0.06,0.1111111111111111,0.11,4,0.085,0.5,0.55,28,50,240,321,1,100,57000000,57000000,0.7,0.8,30
219,0.06,0.1111111111111111,0.11,4,0.085,0.5,0.55,28,50,240,321,1,100,57000000,57000000,0.7,0.8,40
220,0.06,0.1111111111111111,0.11,4,0.085,0.5,0.55,28,50,240,321,1,100,57000000,57000000,0.7,0.9,30
221,0.06,0.1111111111111111,0.11,4,0.085,0.5,0.55,28,50,240,321,1,100,57000000,57000000,0.7,0.9,40
222,0.06,0.1111111111111111,0.11,4,0.085,0.7,0.55,28,50,240,321,1,100,57000000,57000000,0.7,0.6,30
223,0.06,0.1111111111111111,0.11,4,0.085,0.7,0.55,28,50,240,321,1,100,57000000,57000000,0.7,0.6,40
224,0.06,0.1111111111111111,0.11,4,0.085,0.7,0.55,28,50,240,321,1,100,57000000,57000000,0.7,0.8,30
225,0.06,0.1111111111111111,0.11,4,0.085,0.7,0.55,28,50,240,321,1,100,57000000,57000000,0.7,0.8,40
226,0.06,0.1111111111111111,0.11,4,0.085,0.7,0.55,28,50,240,321,1,100,57000000,57000000,0.7,0.9,30
227,0.06,0.1111111111111111,0.11,4,0.085,0.7,0.55,28,50,240,321,1,100,57000000,57000000,0.7,0.9,40
228,0.06,0.1111111111111111,0.11,4,0.1,0.5,0.55,28,50,240,321,1,100,57000000,57000000,0.7,0.6,30
229,0.06,0.1111111111111111,0.11,4,0.1,0.5,0.55,28,50,240,321,1,100,57000000,57000000,0.7,0.6,40
230,0.06,0.1111111111111111,0.11,4,0.1,0.5,0.55,28,50,240,321,1,100,57000000,57000000,0.7,0.8,30
231,0.06,0.1111111111111111,0.11,4,0.1,0.5,0.55,28,50,240,321,1,100,57000000,57000000,0.7,0.8,40
232,0.06,0.1111111111111111,0.11,4,0.1,0.5,0.55,28,50,240,321,1,100,57000000,57000000,0.7,0.9,30
233,0.06,0.1111111111111111,0.11,4,0.1,0.5,0.55,28,50,240,321,1,100,57000000,57000000,0.7,0.9,40
234,0.06,0.1111111111111111,0.11,4,0.1,0.7,0.55,28,50,240,321,1,100,57000000,57000000,0.7,0.6,30
235,0.06,0.1111111111111111,0.11,4,0.1,0.7,0.55,28,50,240,321,1,100,57000000,57000000,0.7,0.6,40
236,0.06,0.1111111111111111,0.11,4,0.1,0.7,0.55,28,50,240,321,1,100,57000000,57000000,0.7,0.8,30
237,0.06,0.1111111111111111,0.11,4,0.1,0.7,0.55,28,50,240,321,1,100,57000000,57000000,0.7,0.8,40
238,0.06,0.1111111111111111,0.11,4,0.1,0.7,0.55,28,50,240,321,1,100,57000000,57000000,0.7,0.9,30
239,0.06,0.1111111111111111,0.11,4,0.1,0.7,0.55,28,50,240,321,1,100,57000000,57000000,0.7,0.9,40
240,0.06,0.1111111111111111,0.11,4,0.15,0.5,0.55,28,50,240,321,1,100,57000000,57000000,0.7,0.6,30
241,0.06,0.1111111111111111,0.11,4,0.15,0.5,0.55,28,50,240,321,1,100,57000000,57000000,0.7,0.6,40
242,0.06,0.1111111111111111,0.11,4,0.15,0.5,0.55,28,50,240,321,1,100,57000000,57000000,0.7,0.8,30
243,0.06,0.1111111111111111,0.11,4,0.15,0.5,0.55,28,50,240,321,1,100,57000000,57000000,0.7,0.8,40
244,0.06,0.1111111111111111,0.11,4,0.15,0.5,0.55,28,50,240,321,1,100,57000000,57000000,0.7,0.9,30
245,0.06,0.1111111111111111,0.11,4,0.15,0.5,0.55,28,50,240,321,1,100,57000000,57000000,0.7,0.9,40
246,0.06,0.1111111111111111,0.11,4,0.15,0.7,0.55,28,50,240,321,1,100,57000000,57000000,0.7,0.6,30
247,0.06,0.1111111111111111,0.11,4,0.15,0.7,0.55,28,50,240,321,1,100,57000000,57000000,0.7,0.6,40
248,0.06,0.1111111111111111,0.11,4,0.15,0.7,0.55,28,50,240,321,1,100,57000000,57000000,0.7,0.8,30
249,0.06,0.1111111111111111,0.11,4,0.15,0.7,0.55,28,50,240,321,1,100,57000000,57000000,0.7,0.8,40
250,0.06,0.1111111111111111,0.11,4,0.15,0.7,0.55,28,50,240,321,1,100,57000000,57000000,0.7,0.9,30
251,0.06,0.1111111111111111,0.11,4,0.15,0.7,0.55,28,50,240,321,1,100,57000000,57000000,0.7,0.9,40
252,0.06,0.1111111111111111,0.11,9,0.085,0.5,0.55,28,50,240,321,1,100,57000000,57000000,0.7,0.6,30
253,0.06,0.1111111111111111,0.11,9,0.085,0.5,0.55,28,50,240,321,1,100,57000000,57000000,0.7,0.6,40
254,0.06,0.1111111111111111,0.11,9,0.085,0.5,0.55,28,50,240,321,1,100,57000000,57000000,0.7,0.8,30
255,0.06,0.1111111111111111,0.11,9,0.085,0.5,0.55,28,50,240,321,1,100,57000000,57000000,0.7,0.8,40
256,0.06,0.1111111111111111,0.11,9,0.085,0.5,0.55,28,50,240,321,1,100,57000000,57000000,0.7,0.9,30
257,0.06,0.1111111111111111,0.11,9,0.085,0.5,0.55,28,50,240,321,1,100,57000000,57000000,0.7,0.9,40
258,0.06,0.1111111111111111,0.11,9,0.085,0.7,0.55,28,50,240,321,1,100,57000000,57000000,0.7,0.6,30
259,0.06,0.1111111111111111,0.11,9,0.085,0.7,0.55,28,50,240,321,1,100,57000000,57000000,0.7,0.6,40
260,0.06,0.1111111111111111,0.11,9,0.085,0.7,0.55,28,50,240,321,1,100,57000000,57000000,0.7,0.8,30
261,0.06,0.1111111111111111,0.11,9,0.085,0.7,0.55,28,50,240,321,1,100,57000000,57000000,0.7,0.8,40
262,0.06,0.1111111111111111,0.11,9,0.085,0.7,0.55,28,50,240,321,1,100,57000000,57000000,0.7,0.9,30
263,0.06,0.1111111111111111,0.11,9,0.085,0.7,0.55,28,50,240,321,1,100,57000000,57000000,0.7,0.9,40
264,0.06,0.1111111111111111,0.11,9,0.1,0.5,0.55,28,50,240,321,1,100,57000000,57000000,0.7,0.6,30
265,0.06,0.1111111111111111,0.11,9,0.1,0.5,0.55,28,50,240,321,1,100,57000000,57000000,0.7,0.6,40
266,0.06,0.1111111111111111,0.11,9,0.1,0.5,0.55,28,50,240,321,1,100,57000000,57000000,0.7,0.8,30
267,0.06,0.1111111111111111,0.11,9,0.1,0.5,0.55,28,50,240,321,1,100,57000000,57000000,0.7,0.8,40
268,0.06,0.1111111111111111,0.11,9,0.1,0.5,0.55,28,50,240,321,1,100,57000000,57000000,0.7,0.9,30
269,0.06,0.1111111111111111,0.11,9,0.1,0.5,0.55,28,50,240,321,1,100,57000000,57000000,0.7,0.9,40
270,0.06,0.1111111111111111,0.11,9,0.1,0.7,0.55,28,50,240,321,1,100,57000000,57000000,0.7,0.6,30
271,0.06,0.1111111111111111,0.11,9,0.1,0.7,0.55,28,50,240,321,1,100,57000000,57000000,0.7,0.6,40
272,0.06,0.1111111111111111,0.11,9,0.1,0.7,0.55,28,50,240,321,1,100,57000000,57000000,0.7,0.8,30
273,0.06,0.1111111111111111,0.11,9,0.1,0.7,0.55,28,50,240,321,1,100,57000000,57000000,0.7,0.8,40
274,0.06,0.1111111111111111,0.11,9,0.1,0.7,0.55,28,50,240,321,1,100,57000000,57000000,0.7,0.9,30
275,0.06,0.1111111111111111,0.11,9,0.1,0.7,0.55,28,50,240,321,1,100,57000000,57000000,0.7,0.9,40
276,0.06,0.1111111111111111,0.11,9,0.15,0.5,0.55,28,50,240,321,1,100,57000000,57000000,0.7,0.6,30
277,0.06,0.1111111111111111,0.11,9,0.15,0.5,0.55,28,50,240,321,1,100,57000000,57000000,0.7,0.6,40
278,0.06,0.1111111111111111,0.11,9,0.15,0.5,0.55,28,50,240,321,1,100,57000000,57000000,0.7,0.8,30
279,0.06,0.1111111111111111,0.11,9,0.15,0.5,0.55,28,50,240,321,1,100,57000000,57000000,0.7,0.8,40
280,0.06,0.1111111111111111,0.11,9,0.15,0.5,0.55,28,50,240,321,1,100,57000000,57000000,0.7,0.9,30
281,0.06,0.1111111111111111,0.11,9,0.15,0.5,0.55,28,50,240,321,1,100,57000000,57000000,0.7,0.9,40
282,0.06,0.1111111111111111,0.11,9,0.15,0.7,0.55,28,50,240,321,1,100,57000000,57000000,0.7,0.6,30
283,0.06,0.1111111111111111,0.11,9,0.15,0.7,0.55,28,50,240,321,1,100,57000000,57000000,0.7,0.6,40
284,0.06,0.1111111111111111,0.11,9,0.15,0.7,0.55,28,50,240,321,1,100,57000000,57000000,0.7,0.8,30
285,0.06,0.1111111111111111,0.11,9,0.15,0.7,0.55,28,50,240,321,1,100,57000000,57000000,0.7,0.8,40
286,0.06,0.1111111111111111,0.11,9,0.15,0.7,0.55,28,50,240,321,1,100,57000000,57000000,0.7,0.9,30
287,0.06,0.1111111111111111,0.11,9,0.15,0.7,0.55,28,50,240,321,1,100,57000000,57000000,0.7,0.9,40
288,0.06,0.1111111111111111,0.11,16,0.085,0.5,0.55,28,50,240,321,1,100,57000000,57000000,0.7,0.6,30
289,0.06,0.1111111111111111,0.11,16,0.085,0.5,0.55,28,50,240,321,1,100,57000000,57000000,0.7,0.6,40
290,0.06,0.1111111111111111,0.11,16,0.085,0.5,0.55,28,50,240,321,1,100,57000000,57000000,0.7,0.8,30
291,0.06,0.1111111111111111,0.11,16,0.085,0.5,0.55,28,50,240,321,1,100,57000000,57000000,0.7,0.8,40
292,0.06,0.1111111111111111,0.11,16,0.085,0.5,0.55,28,50,240,321,1,100,57000000,57000000,0.7,0.9,30
293,0.06,0.1111111111111111,0.11,16,0.085,0.5,0.55,28,50,240,321,1,100,57000000,57000000,0.7,0.9,40
294,0.06,0.1111111111111111,0.11,16,0.085,0.7,0.55,28,50,240,321,1,100,57000000,57000000,0.7,0.6,30
295,0.06,0.1111111111111111,0.11,16,0.085,0.7,0.55,28,50,240,321,1,100,57000000,57000000,0.7,0.6,40
296,0.06,0.1111111111111111,0.11,16,0.085,0.7,0.55,28,50,240,321,1,100,57000000,57000000,0.7,0.8,30
297,0.06,0.1111111111111111,0.11,16,0.085,0.7,0.55,28,50,240,321,1,100,57000000,57000000,0.7,0.8,40
298,0.06,0.1111111111111111,0.11,16,0.085,0.7,0.55,28,50,240,321,1,100,57000000,57000000,0.7,0.9,30
299,0.06,0.1111111111111111,0.11,16,0.085,0.7,0.55,28,50,240,321,1,100,57000000,57000000,0.7,0.9,40
300,0.06,0.1111111111111111,0.11,16,0.1,0.5,0.55,28,50,240,321,1,100,57000000,57000000,0.7,0.6,30
301,0.06,0.1111111111111111,0.11,16,0.1,0.5,0.55,28,50,240,321,1,100,57000000,57000000,0.7,0.6,40
302,0.06,0.1111111111111111,0.11,16,0.1,0.5,0.55,28,50,240,321,1,100,57000000,57000000,0.7,0.8,30
303,0.06,0.1111111111111111,0.11,16,0.1,0.5,0.55,28,50,240,321,1,100,57000000,57000000,0.7,0.8,40
304,0.06,0.1111111111111111,0.11,16,0.1,0.5,0.55,28,50,240,321,1,100,57000000,57000000,0.7,0.9,30
305,0.06,0.1111111111111111,0.11,16,0.1,0.5,0.55,28,50,240,321,1,100,57000000,57000000,0.7,0.9,40
306,0.06,0.1111111111111111,0.11,16,0.1,0.7,0.55,28,50,240,321,1,100,57000000,57000000,0.7,0.6,30
307,0.06,0.1111111111111111,0.11,16,0.1,0.7,0.55,28,50,240,321,1,100,57000000,57000000,0.7,0.6,40
308,0.06,0.1111111111111111,0.11,16,0.1,0.7,0.55,28,50,240,321,1,100,57000000,57000000,0.7,0.8,30
309,0.06,0.1111111111111111,0.11,16,0.1,0.7,0.55,28,50,240,321,1,100,57000000,57000000,0.7,0.8,40
310,0.06,0.1111111111111111,0.11,16,0.1,0.7,0.55,28,50,240,321,1,100,57000000,57000000,0.7,0.9,30
311,0.06,0.1111111111111111,0.11,16,0.1,0.7,0.55,28,50,240,321,1,100,57000000,57000000,0.7,0.9,40
312,0.06,0.1111111111111111,0.11,16,0.15,0.5,0.55,28,50,240,321,1,100,57000000,57000000,0.7,0.6,30
313,0.06,0.1111111111111111,0.11,16,0.15,0.5,0.55,28,50,240,321,1,100,57000000,57000000,0.7,0.6,40
314,0.06,0.1111111111111111,0.11,16,0.15,0.5,0.55,28,50,240,321,1,100,57000000,57000000,0.7,0.8,30
315,0.06,0.1111111111111111,0.11,16,0.15,0.5,0.55,28,50,240,321,1,100,57000000,57000000,0.7,0.8,40
316,0.06,0.1111111111111111,0.11,16,0.15,0.5,0.55,28,50,240,321,1,100,57000000,57000000,0.7,0.9,30
317,0.06,0.1111111111111111,0.11,16,0.15,0.5,0.55,28,50,240,321,1,100,57000000,57000000,0.7,0.9,40
318,0.06,0.1111111111111111,0.11,16,0.15,0.7,0.55,28,50,240,321,1,100,57000000,57000000,0.7,0.6,30
319,0.06,0.1111111111111111,0.11,16,0.15,0.7,0.55,28,50,240,321,1,100,57000000,57000000,0.7,0.6,40
320,0.06,0.1111111111111111,0.11,16,0.15,0.7,0.55,28,50,240,321,1,100,57000000,57000000,0.7,0.8,30
321,0.06,0.1111111111111111,0.11,16,0.15,0.7,0.55,28,50,240,321,1,100,57000000,57000000,0.7,0.8,40
322,0.06,0.1111111111111111,0.11,16,0.15,0.7,0.55,28,50,240,321,1,100,57000000,57000000,0.7,0.9,30
323,0.06,0.1111111111111111,0.11,16,0.15,0.7,0.55,28,50,240,321,1,100,57000000,57000000,0.7,0.9,40
324,0.07,0.16666666666666666,0.11,4,0.085,0.5,0.55,28,50,240,321,1,100,57000000,57000000,0.7,0.6,30
325,0.07,0.16666666666666666,0.11,4,0.085,0.5,0.55,28,50,240,321,1,100,57000000,57000000,0.7,0.6,40
326,0.07,0.16666666666666666,0.11,4,0.085,0.5,0.55,28,50,240,321,1,100,57000000,57000000,0.7,0.8,30
327,0.07,0.16666666666666666,0.11,4,0.085,0.5,0.55,28,50,240,321,1,100,57000000,57000000,0.7,0.8,40
328,0.07,0.16666666666666666,0.11,4,0.085,0.5,0.55,28,50,240,321,1,100,57000000,57000000,0.7,0.9,30
329,0.07,0.16666666666666666,0.11,4,0.085,0.5,0.55,28,50,240,321,1,100,57000000,57000000,0.7,0.9,40
330,0.07,0.16666666666666666,0.11,4,0.085,0.7,0.55,28,50,240,321,1,100,57000000,57000000,0.7,0.6,30
331,0.07,0.16666666666666666,0.11,4,0.085,0.7,0.55,28,50,240,321,1,100,57000000,57000000,0.7,0.6,40
332,0.07,0.16666666666666666,0.11,4,0.085,0.7,0.55,28,50,240,321,1,100,57000000,57000000,0.7,0.8,30
333,0.07,0.16666666666666666,0.11,4,0.085,0.7,0.55,28,50,240,321,1,100,57000000,57000000,0.7,0.8,40
334,0.07,0.16666666666666666,0.11,4,0.085,0.7,0.55,28,50,240,321,1,100,57000000,57000000,0.7,0.9,30
335,0.07,0.16666666666666666,0.11,4,0.085,0.7,0.55,28,50,240,321,1,100,57000000,57000000,0.7,0.9,40
336,0.07,0.16666666666666666,0.11,4,0.1,0.5,0.55,28,50,240,321,1,100,57000000,57000000,0.7,0.6,30
337,0.07,0.16666666666666666,0.11,4,0.1,0.5,0.55,28,50,240,321,1,100,57000000,57000000,0.7,0.6,40
338,0.07,0.16666666666666666,0.11,4,0.1,0.5,0.55,28,50,240,321,1,100,57000000,57000000,0.7,0.8,30
339,0.07,0.16666666666666666,0.11,4,0.1,0.5,0.55,28,50,240,321,1,100,57000000,57000000,0.7,0.8,40
340,0.07,0.16666666666666666,0.11,4,0.1,0.5,0.55,28,50,240,321,1,100,57000000,57000000,0.7,0.9,30
341,0.07,0.16666666666666666,0.11,4,0.1,0.5,0.55,28,50,240,321,1,100,57000000,57000000,0.7,0.9,40
342,0.07,0.16666666666666666,0.11,4,0.1,0.7,0.55,28,50,240,321,1,100,57000000,57000000,0.7,0.6,30
343,0.07,0.16666666666666666,0.11,4,0.1,0.7,0.55,28,50,240,321,1,100,57000000,57000000,0.7,0.6,40
344,0.07,0.16666666666666666,0.11,4,0.1,0.7,0.55,28,50,240,321,1,100,57000000,57000000,0.7,0.8,30
345,0.07,0.16666666666666666,0.11,4,0.1,0.7,0.55,28,50,240,321,1,100,57000000,57000000,0.7,0.8,40
346,0.07,0.16666666666666666,0.11,4,0.1,0.7,0.55,28,50,240,321,1,100,57000000,57000000,0.7,0.9,30
347,0.07,0.16666666666666666,0.11,4,0.1,0.7,0.55,28,50,240,321,1,100,57000000,57000000,0.7,0.9,40
348,0.07,0.16666666666666666,0.11,4,0.15,0.5,0.55,28,50,240,321,1,100,57000000,57000000,0.7,0.6,30
349,0.07,0.16666666666666666,0.11,4,0.15,0.5,0.55,28,50,240,321,1,100,57000000,57000000,0.7,0.6,40
350,0.07,0.16666666666666666,0.11,4,0.15,0.5,0.55,28,50,240,321,1,100,57000000,57000000,0.7,0.8,30
351,0.07,0.16666666666666666,0.11,4,0.15,0.5,0.55,28,50,240,321,1,100,57000000,57000000,0.7,0.8,40
352,0.07,0.16666666666666666,0.11,4,0.15,0.5,0.55,28,50,240,321,1,100,57000000,57000000,0.7,0.9,30
353,0.07,0.16666666666666666,0.11,4,0.15,0.5,0.55,28,50,240,321,1,100,57000000,57000000,0.7,0.9,40
354,0.07,0.16666666666666666,0.11,4,0.15,0.7,0.55,28,50,240,321,1,100,57000000,57000000,0.7,0.6,30
355,0.07,0.16666666666666666,0.11,4,0.15,0.7,0.55,28,50,240,321,1,100,57000000,57000000,0.7,0.6,40
356,0.07,0.16666666666666666,0.11,4,0.15,0.7,0.55,28,50,240,321,1,100,57000000,57000000,0.7,0.8,30
357,0.07,0.16666666666666666,0.11,4,0.15,0.7,0.55,28,50,240,321,1,100,57000000,57000000,0.7,0.8,40
358,0.07,0.16666666666666666,0.11,4,0.15,0.7,0.55,28,50,240,321,1,100,57000000,57000000,0.7,0.9,30
359,0.07,0.16666666666666666,0.11,4,0.15,0.7,0.55,28,50,240,321,1,100,57000000,57000000,0.7,0.9,40
360,0.07,0.16666666666666666,0.11,9,0.085,0.5,0.55,28,50,240,321,1,100,57000000,57000000,0.7,0.6,30
361,0.07,0.16666666666666666,0.11,9,0.085,0.5,0.55,28,50,240,321,1,100,57000000,57000000,0.7,0.6,40
362,0.07,0.16666666666666666,0.11,9,0.085,0.5,0.55,28,50,240,321,1,100,57000000,57000000,0.7,0.8,30
363,0.07,0.16666666666666666,0.11,9,0.085,0.5,0.55,28,50,240,321,1,100,57000000,57000000,0.7,0.8,40
364,0.07,0.16666666666666666,0.11,9,0.085,0.5,0.55,28,50,240,321,1,100,57000000,57000000,0.7,0.9,30
365,0.07,0.16666666666666666,0.11,9,0.085,0.5,0.55,28,50,240,321,1,100,57000000,57000000,0.7,0.9,40
366,0.07,0.16666666666666666,0.11,9,0.085,0.7,0.55,28,50,240,321,1,100,57000000,57000000,0.7,0.6,30
367,0.07,0.16666666666666666,0.11,9,0.085,0.7,0.55,28,50,240,321,1,100,57000000,57000000,0.7,0.6,40
368,0.07,0.16666666666666666,0.11,9,0.085,0.7,0.55,28,50,240,321,1,100,57000000,57000000,0.7,0.8,30
369,0.07,0.16666666666666666,0.11,9,0.085,0.7,0.55,28,50,240,321,1,100,57000000,57000000,0.7,0.8,40
370,0.07,0.16666666666666666,0.11,9,0.085,0.7,0.55,28,50,240,321,1,100,57000000,57000000,0.7,0.9,30
371,0.07,0.16666666666666666,0.11,9,0.085,0.7,0.55,28,50,240,321,1,100,57000000,57000000,0.7,0.9,40
372,0.07,0.16666666666666666,0.11,9,0.1,0.5,0.55,28,50,240,321,1,100,57000000,57000000,0.7,0.6,30
373,0.07,0.16666666666666666,0.11,9,0.1,0.5,0.55,28,50,240,321,1,100,57000000,57000000,0.7,0.6,40
374,0.07,0.16666666666666666,0.11,9,0.1,0.5,0.55,28,50,240,321,1,100,57000000,57000000,0.7,0.8,30
375,0.07,0.16666666666666666,0.11,9,0.1,0.5,0.55,28,50,240,321,1,100,57000000,57000000,0.7,0.8,40
376,0.07,0.16666666666666666,0.11,9,0.1,0.5,0.55,28,50,240,321,1,100,57000000,57000000,0.7,0.9,30
377,0.07,0.16666666666666666,0.11,9,0.1,0.5,0.55,28,50,240,321,1,100,57000000,57000000,0.7,0.9,40
378,0.07,0.16666666666666666,0.11,9,0.1,0.7,0.55,28,50,240,321,1,100,57000000,57000000,0.7,0.6,30
379,0.07,0.16666666666666666,0.11,9,0.1,0.7,0.55,28,50,240,321,1,100,57000000,57000000,0.7,0.6,40
380,0.07,0.16666666666666666,0.11,9,0.1,0.7,0.55,28,50,240,321,1,100,57000000,57000000,0.7,0.8,30
381,0.07,0.16666666666666666,0.11,9,0.1,0.7,0.55,28,50,240,321,1,100,57000000,57000000,0.7,0.8,40
382,0.07,0.16666666666666666,0.11,9,0.1,0.7,0.55,28,50,240,321,1,100,57000000,57000000,0.7,0.9,30
383,0.07,0.16666666666666666,0.11,9,0.1,0.7,0.55,28,50,240,321,1,100,57000000,57000000,0.7,0.9,40
384,0.07,0.16666666666666666,0.11,9,0.15,0.5,0.55,28,50,240,321,1,100,57000000,57000000,0.7,0.6,30
385,0.07,0.16666666666666666,0.11,9,0.15,0.5,0.55,28,50,240,321,1,100,57000000,57000000,0.7,0.6,40
386,0.07,0.16666666666666666,0.11,9,0.15,0.5,0.55,28,50,240,321,1,100,57000000,57000000,0.7,0.8,30
387,0.07,0.16666666666666666,0.11,9,0.15,0.5,0.55,28,50,240,321,1,100,57000000,57000000,0.7,0.8,40
388,0.07,0.16666666666666666,0.11,9,0.15,0.5,0.55,28,50,240,321,1,100,57000000,57000000,0.7,0.9,30
389,0.07,0.16666666666666666,0.11,9,0.15,0.5,0.55,28,50,240,321,1,100,57000000,57000000,0.7,0.9,40
390,0.07,0.16666666666666666,0.11,9,0.15,0.7,0.55,28,50,240,321,1,100,57000000,57000000,0.7,0.6,30
391,0.07,0.16666666666666666,0.11,9,0.15,0.7,0.55,28,50,240,321,1,100,57000000,57000000,0.7,0.6,40
392,0.07,0.16666666666666666,0.11,9,0.15,0.7,0.55,28,50,240,321,1,100,57000000,57000000,0.7,0.8,30
393,0.07,0.16666666666666666,0.11,9,0.15,0.7,0.55,28,50,240,321,1,100,57000000,57000000,0.7,0.8,40
394,0.07,0.16666666666666666,0.11,9,0.15,0.7,0.55,28,50,240,321,1,100,57000000,57000000,0.7,0.9,30
395,0.07,0.16666666666666666,0.11,9,0.15,0.7,0.55,28,50,240,321,1,100,57000000,57000000,0.7,0.9,40
396,0.07,0.16666666666666666,0.11,16,0.085,0.5,0.55,28,50,240,321,1,100,57000000,57000000,0.7,0.6,30
397,0.07,0.16666666666666666,0.11,16,0.085,0.5,0.55,28,50,240,321,1,100,57000000,57000000,0.7,0.6,40
398,0.07,0.16666666666666666,0.11,16,0.085,0.5,0.55,28,50,240,321,1,100,57000000,57000000,0.7,0.8,30
399,0.07,0.16666666666666666,0.11,16,0.085,0.5,0.55,28,50,240,321,1,100,57000000,57000000,0.7,0.8,40
400,0.07,0.16666666666666666,0.11,16,0.085,0.5,0.55,28,50,240,321,1,100,57000000,57000000,0.7,0.9,30
401,0.07,0.16666666666666666,0.11,16,0.085,0.5,0.55,28,50,240,321,1,100,57000000,57000000,0.7,0.9,40
402,0.07,0.16666666666666666,0.11,16,0.085,0.7,0.55,28,50,240,321,1,100,57000000,57000000,0.7,0.6,30
403,0.07,0.16666666666666666,0.11,16,0.085,0.7,0.55,28,50,240,321,1,100,57000000,57000000,0.7,0.6,40
404,0.07,0.16666666666666666,0.11,16,0.085,0.7,0.55,28,50,240,321,1,100,57000000,57000000,0.7,0.8,30
405,0.07,0.16666666666666666,0.11,16,0.085,0.7,0.55,28,50,240,321,1,100,57000000,57000000,0.7,0.8,40
406,0.07,0.16666666666666666,0.11,16,0.085,0.7,0.55,28,50,240,321,1,100,57000000,57000000,0.7,0.9,30
407,0.07,0.16666666666666666,0.11,16,0.085,0.7,0.55,28,50,240,321,1,100,57000000,57000000,0.7,0.9,40
408,0.07,0.16666666666666666,0.11,16,0.1,0.5,0.55,28,50,240,321,1,100,57000000,57000000,0.7,0.6,30
409,0.07,0.16666666666666666,0.11,16,0.1,0.5,0.55,28,50,240,321,1,100,57000000,57000000,0.7,0.6,40
410,0.07,0.16666666666666666,0.11,16,0.1,0.5,0.55,28,50,240,321,1,100,57000000,57000000,0.7,0.8,30
411,0.07,0.16666666666666666,0.11,16,0.1,0.5,0.55,28,50,240,321,1,100,57000000,57000000,0.7,0.8,40
412,0.07,0.16666666666666666,0.11,16,0.1,0.5,0.55,28,50,240,321,1,100,57000000,57000000,0.7,0.9,30
413,0.07,0.16666666666666666,0.11,16,0.1,0.5,0.55,28,50,240,321,1,100,57000000,57000000,0.7,0.9,40
414,0.07,0.16666666666666666,0.11,16,0.1,0.7,0.55,28,50,240,321,1,100,57000000,57000000,0.7,0.6,30
415,0.07,0.16666666666666666,0.11,16,0.1,0.7,0.55,28,50,240,321,1,100,57000000,57000000,0.7,0.6,40
416,0.07,0.16666666666666666,0.11,16,0.1,0.7,0.55,28,50,240,321,1,100,57000000,57000000,0.7,0.8,30
417,0.07,0.16666666666666666,0.11,16,0.1,0.7,0.55,28,50,240,321,1,100,57000000,57000000,0.7,0.8,40
418,0.07,0.16666666666666666,0.11,16,0.1,0.7,0.55,28,50,240,321,1,100,57000000,57000000,0.7,0.9,30
419,0.07,0.16666666666666666,0.11,16,0.1,0.7,0.55,28,50,240,321,1,100,57000000,57000000,0.7,0.9,40
420,0.07,0.16666666666666666,0.11,16,0.15,0.5,0.55,28,50,240,321,1,100,57000000,57000000,0.7,0.6,30
421,0.07,0.16666666666666666,0.11,16,0.15,0.5,0.55,28,50,240,321,1,100,57000000,57000000,0.7,0.6,40
422,0.07,0.16666666666666666,0.11,16,0.15,0.5,0.55,28,50,240,321,1,100,57000000,57000000,0.7,0.8,30
423,0.07,0.16666666666666666,0.11,16,0.15,0.5,0.55,28,50,240,321,1,100,57000000,57000000,0.7,0.8,40
424,0.07,0.16666666666666666,0.11,16,0.15,0.5,0.55,28,50,240,321,1,100,57000000,57000000,0.7,0.9,30
425,0.07,0.16666666666666666,0.11,16,0.15,0.5,0.55,28,50,240,321,1,100,57000000,57000000,0.7,0.9,40
426,0.07,0.16666666666666666,0.11,16,0.15,0.7,0.55,28,50,240,321,1,100,57000000,57000000,0.7,0.6,30
427,0.07,0.16666666666666666,0.11,16,0.15,0.7,0.55,28,50,240,321,1,100,57000000,57000000,0.7,0.6,40
428,0.07,0.16666666666666666,0.11,16,0.15,0.7,0.55,28,50,240,321,1,100,57000000,57000000,0.7,0.8,30
429,0.07,0.16666666666666666,0.11,16,0.15,0.7,0.55,28,50,240,321,1,100,57000000,57000000,0.7,0.8,40
430,0.07,0.16666666666666666,0.11,16,0.15,0.7,0.55,28,50,240,321,1,100,57000000,57000000,0.7,0.9,30
431,0.07,0.16666666666666666,0.11,16,0.15,0.7,0.55,28,50,240,321,1,100,57000000,57000000,0.7,0.9,40
432,0.07,0.14285714285714285,0.11,4,0.085,0.5,0.55,28,50,240,321,1,100,57000000,57000000,0.7,0.6,30
433,0.07,0.14285714285714285,0.11,4,0.085,0.5,0.55,28,50,240,321,1,100,57000000,57000000,0.7,0.6,40
434,0.07,0.14285714285714285,0.11,4,0.085,0.5,0.55,28,50,240,321,1,100,57000000,57000000,0.7,0.8,30
435,0.07,0.14285714285714285,0.11,4,0.085,0.5,0.55,28,50,240,321,1,100,57000000,57000000,0.7,0.8,40
436,0.07,0.14285714285714285,0.11,4,0.085,0.5,0.55,28,50,240,321,1,100,57000000,57000000,0.7,0.9,30
437,0.07,0.14285714285714285,0.11,4,0.085,0.5,0.55,28,50,240,321,1,100,57000000,57000000,0.7,0.9,40
438,0.07,0.14285714285714285,0.11,4,0.085,0.7,0.55,28,50,240,321,1,100,57000000,57000000,0.7,0.6,30
439,0.07,0.14285714285714285,0.11,4,0.085,0.7,0.55,28,50,240,321,1,100,57000000,57000000,0.7,0.6,40
440,0.07,0.14285714285714285,0.11,4,0.085,0.7,0.55,28,50,240,321,1,100,57000000,57000000,0.7,0.8,30
441,0.07,0.14285714285714285,0.11,4,0.085,0.7,0.55,28,50,240,321,1,100,57000000,57000000,0.7,0.8,40
442,0.07,0.14285714285714285,0.11,4,0.085,0.7,0.55,28,50,240,321,1,100,57000000,57000000,0.7,0.9,30
443,0.07,0.14285714285714285,0.11,4,0.085,0.7,0.55,28,50,240,321,1,100,57000000,57000000,0.7,0.9,40
444,0.07,0.14285714285714285,0.11,4,0.1,0.5,0.55,28,50,240,321,1,100,57000000,57000000,0.7,0.6,30
445,0.07,0.14285714285714285,0.11,4,0.1,0.5,0.55,28,50,240,321,1,100,57000000,57000000,0.7,0.6,40
446,0.07,0.14285714285714285,0.11,4,0.1,0.5,0.55,28,50,240,321,1,100,57000000,57000000,0.7,0.8,30
447,0.07,0.14285714285714285,0.11,4,0.1,0.5,0.55,28,50,240,321,1,100,57000000,57000000,0.7,0.8,40
448,0.07,0.14285714285714285,0.11,4,0.1,0.5,0.55,28,50,240,321,1,100,57000000,57000000,0.7,0.9,30
449,0.07,0.14285714285714285,0.11,4,0.1,0.5,0.55,28,50,240,321,1,100,57000000,57000000,0.7,0.9,40
450,0.07,0.14285714285714285,0.11,4,0.1,0.7,0.55,28,50,240,321,1,100,57000000,57000000,0.7,0.6,30
451,0.07,0.14285714285714285,0.11,4,0.1,0.7,0.55,28,50,240,321,1,100,57000000,57000000,0.7,0.6,40
452,0.07,0.14285714285714285,0.11,4,0.1,0.7,0.55,28,50,240,321,1,100,57000000,57000000,0.7,0.8,30
453,0.07,0.14285714285714285,0.11,4,0.1,0.7,0.55,28,50,240,321,1,100,57000000,57000000,0.7,0.8,40
454,0.07,0.14285714285714285,0.11,4,0.1,0.7,0.55,28,50,240,321,1,100,57000000,57000000,0.7,0.9,30
455,0.07,0.14285714285714285,0.11,4,0.1,0.7,0.55,28,50,240,321,1,100,57000000,57000000,0.7,0.9,40
456,0.07,0.14285714285714285,0.11,4,0.15,0.5,0.55,28,50,240,321,1,100,57000000,57000000,0.7,0.6,30
457,0.07,0.14285714285714285,0.11,4,0.15,0.5,0.55,28,50,240,321,1,100,57000000,57000000,0.7,0.6,40
458,0.07,0.14285714285714285,0.11,4,0.15,0.5,0.55,28,50,240,321,1,100,57000000,57000000,0.7,0.8,30
459,0.07,0.14285714285714285,0.11,4,0.15,0.5,0.55,28,50,240,321,1,100,57000000,57000000,0.7,0.8,40
460,0.07,0.14285714285714285,0.11,4,0.15,0.5,0.55,28,50,240,321,1,100,57000000,57000000,0.7,0.9,30
461,0.07,0.14285714285714285,0.11,4,0.15,0.5,0.55,28,50,240,321,1,100,57000000,57000000,0.7,0.9,40
462,0.07,0.14285714285714285,0.11,4,0.15,0.7,0.55,28,50,240,321,1,100,57000000,57000000,0.7,0.6,30
463,0.07,0.14285714285714285,0.11,4,0.15,0.7,0.55,28,50,240,321,1,100,57000000,57000000,0.7,0.6,40
464,0.07,0.14285714285714285,0.11,4,0.15,0.7,0.55,28,50,240,321,1,100,57000000,57000000,0.7,0.8,30
465,0.07,0.14285714285714285,0.11,4,0.15,0.7,0.55,28,50,240,321,1,100,57000000,57000000,0.7,0.8,40
466,0.07,0.14285714285714285,0.11,4,0.15,0.7,0.55,28,50,240,321,1,100,57000000,57000000,0.7,0.9,30
467,0.07,0.14285714285714285,0.11,4,0.15,0.7,0.55,28,50,240,321,1,100,57000000,57000000,0.7,0.9,40
468,0.07,0.14285714285714285,0.11,9,0.085,0.5,0.55,28,50,240,321,1,100,57000000,57000000,0.7,0.6,30
469,0.07,0.14285714285714285,0.11,9,0.085,0.5,0.55,28,50,240,321,1,100,57000000,57000000,0.7,0.6,40
470,0.07,0.14285714285714285,0.11,9,0.085,0.5,0.55,28,50,240,321,1,100,57000000,57000000,0.7,0.8,30
471,0.07,0.14285714285714285,0.11,9,0.085,0.5,0.55,28,50,240,321,1,100,57000000,57000000,0.7,0.8,40
472,0.07,0.14285714285714285,0.11,9,0.085,0.5,0.55,28,50,240,321,1,100,57000000,57000000,0.7,0.9,30
473,0.07,0.14285714285714285,0.11,9,0.085,0.5,0.55,28,50,240,321,1,100,57000000,57000000,0.7,0.9,40
474,0.07,0.14285714285714285,0.11,9,0.085,0.7,0.55,28,50,240,321,1,100,57000000,57000000,0.7,0.6,30
475,0.07,0.14285714285714285,0.11,9,0.085,0.7,0.55,28,50,240,321,1,100,57000000,57000000,0.7,0.6,40
476,0.07,0.14285714285714285,0.11,9,0.085,0.7,0.55,28,50,240,321,1,100,57000000,57000000,0.7,0.8,30
477,0.07,0.14285714285714285,0.11,9,0.085,0.7,0.55,28,50,240,321,1,100,57000000,57000000,0.7,0.8,40
478,0.07,0.14285714285714285,0.11,9,0.085,0.7,0.55,28,50,240,321,1,100,57000000,57000000,0.7,0.9,30
479,0.07,0.14285714285714285,0.11,9,0.085,0.7,0.55,28,50,240,321,1,100,57000000,57000000,0.7,0.9,40
480,0.07,0.14285714285714285,0.11,9,0.1,0.5,0.55,28,50,240,321,1,100,57000000,57000000,0.7,0.6,30
481,0.07,0.14285714285714285,0.11,9,0.1,0.5,0.55,28,50,240,321,1,100,57000000,57000000,0.7,0.6,40
482,0.07,0.14285714285714285,0.11,9,0.1,0.5,0.55,28,50,240,321,1,100,57000000,57000000,0.7,0.8,30
483,0.07,0.14285714285714285,0.11,9,0.1,0.5,0.55,28,50,240,321,1,100,57000000,57000000,0.7,0.8,40
484,0.07,0.14285714285714285,0.11,9,0.1,0.5,0.55,28,50,240,321,1,100,57000000,57000000,0.7,0.9,30
485,0.07,0.14285714285714285,0.11,9,0.1,0.5,0.55,28,50,240,321,1,100,57000000,57000000,0.7,0.9,40
486,0.07,0.14285714285714285,0.11,9,0.1,0.7,0.55,28,50,240,321,1,100,57000000,57000000,0.7,0.6,30
487,0.07,0.14285714285714285,0.11,9,0.1,0.7,0.55,28,50,240,321,1,100,57000000,57000000,0.7,0.6,40
488,0.07,0.14285714285714285,0.11,9,0.1,0.7,0.55,28,50,240,321,1,100,57000000,57000000,0.7,0.8,30
489,0.07,0.14285714285714285,0.11,9,0.1,0.7,0.55,28,50,240,321,1,100,57000000,57000000,0.7,0.8,40
490,0.07,0.14285714285714285,0.11,9,0.1,0.7,0.55,28,50,240,321,1,100,57000000,57000000,0.7,0.9,30
491,0.07,0.14285714285714285,0.11,9,0.1,0.7,0.55,28,50,240,321,1,100,57000000,57000000,0.7,0.9,40
492,0.07,0.14285714285714285,0.11,9,0.15,0.5,0.55,28,50,240,321,1,100,57000000,57000000,0.7,0.6,30
493,0.07,0.14285714285714285,0.11,9,0.15,0.5,0.55,28,50,240,321,1,100,57000000,57000000,0.7,0.6,40
494,0.07,0.14285714285714285,0.11,9,0.15,0.5,0.55,28,50,240,321,1,100,57000000,57000000,0.7,0.8,30
495,0.07,0.14285714285714285,0.11,9,0.15,0.5,0.55,28,50,240,321,1,100,57000000,57000000,0.7,0.8,40
496,0.07,0.14285714285714285,0.11,9,0.15,0.5,0.55,28,50,240,321,1,100,57000000,57000000,0.7,0.9,30
497,0.07,0.14285714285714285,0.11,9,0.15,0.5,0.55,28,50,240,321,1,100,57000000,57000000,0.7,0.9,40
498,0.07,0.14285714285714285,0.11,9,0.15,0.7,0.55,28,50,240,321,1,100,57000000,57000000,0.7,0.6,30
499,0.07,0.14285714285714285,0.11,9,0.15,0.7,0.55,28,50,240,321,1,100,57000000,57000000,0.7,0.6,40
500,0.07,0.14285714285714285,0.11,9,0.15,0.7,0.55,28,50,240,321,1,100,57000000,57000000,0.7,0.8,30
501,0.07,0.14285714285714285,0.11,9,0.15,0.7,0.55,28,50,240,321,1,100,57000000,57000000,0.7,0.8,40
502,0.07,0.14285714285714285,0.11,9,0.15,0.7,0.55,28,50,240,321,1,100,57000000,57000000,0.7,0.9,30
503,0.07,0.14285714285714285,0.11,9,0.15,0.7,0.55,28,50,240,321,1,100,57000000,57000000,0.7,0.9,40
504,0.07,0.14285714285714285,0.11,16,0.085,0.5,0.55,28,50,240,321,1,100,57000000,57000000,0.7,0.6,30
505,0.07,0.14285714285714285,0.11,16,0.085,0.5,0.55,28,50,240,321,1,100,57000000,57000000,0.7,0.6,40
506,0.07,0.14285714285714285,0.11,16,0.085,0.5,0.55,28,50,240,321,1,100,57000000,57000000,0.7,0.8,30
507,0.07,0.14285714285714285,0.11,16,0.085,0.5,0.55,28,50,240,321,1,100,57000000,57000000,0.7,0.8,40
508,0.07,0.14285714285714285,0.11,16,0.085,0.5,0.55,28,50,240,321,1,100,57000000,57000000,0.7,0.9,30
509,0.07,0.14285714285714285,0.11,16,0.085,0.5,0.55,28,50,240,321,1,100,57000000,57000000,0.7,0.9,40
510,0.07,0.14285714285714285,0.11,16,0.085,0.7,0.55,28,50,240,321,1,100,57000000,57000000,0.7,0.6,30
511,0.07,0.14285714285714285,0.11,16,0.085,0.7,0.55,28,50,240,321,1,100,57000000,57000000,0.7,0.6,40
512,0.07,0.14285714285714285,0.11,16,0.085,0.7,0.55,28,50,240,321,1,100,57000000,57000000,0.7,0.8,30
513,0.07,0.14285714285714285,0.11,16,0.085,0.7,0.55,28,50,240,321,1,100,57000000,57000000,0.7,0.8,40
514,0.07,0.14285714285714285,0.11,16,0.085,0.7,0.55,28,50,240,321,1,100,57000000,57000000,0.7,0.9,30
515,0.07,0.14285714285714285,0.11,16,0.085,0.7,0.55,28,50,240,321,1,100,57000000,57000000,0.7,0.9,40
516,0.07,0.14285714285714285,0.11,16,0.1,0.5,0.55,28,50,240,321,1,100,57000000,57000000,0.7,0.6,30
517,0.07,0.14285714285714285,0.11,16,0.1,0.5,0.55,28,50,240,321,1,100,57000000,57000000,0.7,0.6,40
518,0.07,0.14285714285714285,0.11,16,0.1,0.5,0.55,28,50,240,321,1,100,57000000,57000000,0.7,0.8,30
519,0.07,0.14285714285714285,0.11,16,0.1,0.5,0.55,28,50,240,321,1,100,57000000,57000000,0.7,0.8,40
520,0.07,0.14285714285714285,0.11,16,0.1,0.5,0.55,28,50,240,321,1,100,57000000,57000000,0.7,0.9,30
521,0.07,0.14285714285714285,0.11,16,0.1,0.5,0.55,28,50,240,321,1,100,57000000,57000000,0.7,0.9,40
522,0.07,0.14285714285714285,0.11,16,0.1,0.7,0.55,28,50,240,321,1,100,57000000,57000000,0.7,0.6,30
523,0.07,0.14285714285714285,0.11,16,0.1,0.7,0.55,28,50,240,321,1,100,57000000,57000000,0.7,0.6,40
524,0.07,0.14285714285714285,0.11,16,0.1,0.7,0.55,28,50,240,321,1,100,57000000,57000000,0.7,0.8,30
525,0.07,0.14285714285714285,0.11,16,0.1,0.7,0.55,28,50,240,321,1,100,57000000,57000000,0.7,0.8,40
526,0.07,0.14285714285714285,0.11,16,0.1,0.7,0.55,28,50,240,321,1,100,57000000,57000000,0.7,0.9,30
527,0.07,0.14285714285714285,0.11,16,0.1,0.7,0.55,28,50,240,321,1,100,57000000,57000000,0.7,0.9,40
528,0.07,0.14285714285714285,0.11,16,0.15,0.5,0.55,28,50,240,321,1,100,57000000,57000000,0.7,0.6,30
529,0.07,0.14285714285714285,0.11,16,0.15,0.5,0.55,28,50,240,321,1,100,57000000,57000000,0.7,0.6,40
530,0.07,0.14285714285714285,0.11,16,0.15,0.5,0.55,28,50,240,321,1,100,57000000,57000000,0.7,0.8,30
531,0.07,0.14285714285714285,0.11,16,0.15,0.5,0.55,28,50,240,321,1,100,57000000,57000000,0.7,0.8,40
532,0.07,0.14285714285714285,0.11,16,0.15,0.5,0.55,28,50,240,321,1,100,57000000,57000000,0.7,0.9,30
533,0.07,0.14285714285714285,0.11,16,0.15,0.5,0.55,28,50,240,321,1,100,57000000,57000000,0.7,0.9,40
534,0.07,0.14285714285714285,0.11,16,0.15,0.7,0.55,28,50,240,321,1,100,57000000,57000000,0.7,0.6,30
535,0.07,0.14285714285714285,0.11,16,0.15,0.7,0.55,28,50,240,321,1,100,57000000,57000000,0.7,0.6,40
536,0.07,0.14285714285714285,0.11,16,0.15,0.7,0.55,28,50,240,321,1,100,57000000,57000000,0.7,0.8,30
537,0.07,0.14285714285714285,0.11,16,0.15,0.7,0.55,28,50,240,321,1,100,57000000,57000000,0.7,0.8,40
538,0.07,0.14285714285714285,0.11,16,0.15,0.7,0.55,28,50,240,321,1,100,57000000,57000000,0.7,0.9,30
539,0.07,0.14285714285714285,0.11,16,0.15,0.7,0.55,28,50,240,321,1,100,57000000,57000000,0.7,0.9,40
540,0.07,0.1111111111111111,0.11,4,0.085,0.5,0.55,28,50,240,321,1,100,57000000,57000000,0.7,0.6,30
541,0.07,0.1111111111111111,0.11,4,0.085,0.5,0.55,28,50,240,321,1,100,57000000,57000000,0.7,0.6,40
542,0.07,0.1111111111111111,0.11,4,0.085,0.5,0.55,28,50,240,321,1,100,57000000,57000000,0.7,0.8,30
543,0.07,0.1111111111111111,0.11,4,0.085,0.5,0.55,28,50,240,321,1,100,57000000,57000000,0.7,0.8,40
544,0.07,0.1111111111111111,0.11,4,0.085,0.5,0.55,28,50,240,321,1,100,57000000,57000000,0.7,0.9,30
545,0.07,0.1111111111111111,0.11,4,0.085,0.5,0.55,28,50,240,321,1,100,57000000,57000000,0.7,0.9,40
546,0.07,0.1111111111111111,0.11,4,0.085,0.7,0.55,28,50,240,321,1,100,57000000,57000000,0.7,0.6,30
547,0.07,0.1111111111111111,0.11,4,0.085,0.7,0.55,28,50,240,321,1,100,57000000,57000000,0.7,0.6,40
548,0.07,0.1111111111111111,0.11,4,0.085,0.7,0.55,28,50,240,321,1,100,57000000,57000000,0.7,0.8,30
549,0.07,0.1111111111111111,0.11,4,0.085,0.7,0.55,28,50,240,321,1,100,57000000,57000000,0.7,0.8,40
550,0.07,0.1111111111111111,0.11,4,0.085,0.7,0.55,28,50,240,321,1,100,57000000,57000000,0.7,0.9,30
551,0.07,0.1111111111111111,0.11,4,0.085,0.7,0.55,28,50,240,321,1,100,57000000,57000000,0.7,0.9,40
552,0.07,0.1111111111111111,0.11,4,0.1,0.5,0.55,28,50,240,321,1,100,57000000,57000000,0.7,0.6,30
553,0.07,0.1111111111111111,0.11,4,0.1,0.5,0.55,28,50,240,321,1,100,57000000,57000000,0.7,0.6,40
554,0.07,0.1111111111111111,0.11,4,0.1,0.5,0.55,28,50,240,321,1,100,57000000,57000000,0.7,0.8,30
555,0.07,0.1111111111111111,0.11,4,0.1,0.5,0.55,28,50,240,321,1,100,57000000,57000000,0.7,0.8,40
556,0.07,0.1111111111111111,0.11,4,0.1,0.5,0.55,28,50,240,321,1,100,57000000,57000000,0.7,0.9,30
557,0.07,0.1111111111111111,0.11,4,0.1,0.5,0.55,28,50,240,321,1,100,57000000,57000000,0.7,0.9,40
558,0.07,0.1111111111111111,0.11,4,0.1,0.7,0.55,28,50,240,321,1,100,57000000,57000000,0.7,0.6,30
559,0.07,0.1111111111111111,0.11,4,0.1,0.7,0.55,28,50,240,321,1,100,57000000,57000000,0.7,0.6,40
560,0.07,0.1111111111111111,0.11,4,0.1,0.7,0.55,28,50,240,321,1,100,57000000,57000000,0.7,0.8,30
561,0.07,0.1111111111111111,0.11,4,0.1,0.7,0.55,28,50,240,321,1,100,57000000,57000000,0.7,0.8,40
562,0.07,0.1111111111111111,0.11,4,0.1,0.7,0.55,28,50,240,321,1,100,57000000,57000000,0.7,0.9,30
563,0.07,0.1111111111111111,0.11,4,0.1,0.7,0.55,28,50,240,321,1,100,57000000,57000000,0.7,0.9,40
564,0.07,0.1111111111111111,0.11,4,0.15,0.5,0.55,28,50,240,321,1,100,57000000,57000000,0.7,0.6,30
565,0.07,0.1111111111111111,0.11,4,0.15,0.5,0.55,28,50,240,321,1,100,57000000,57000000,0.7,0.6,40
566,0.07,0.1111111111111111,0.11,4,0.15,0.5,0.55,28,50,240,321,1,100,57000000,57000000,0.7,0.8,30
567,0.07,0.1111111111111111,0.11,4,0.15,0.5,0.55,28,50,240,321,1,100,57000000,57000000,0.7,0.8,40
568,0.07,0.1111111111111111,0.11,4,0.15,0.5,0.55,28,50,240,321,1,100,57000000,57000000,0.7,0.9,30
569,0.07,0.1111111111111111,0.11,4,0.15,0.5,0.55,28,50,240,321,1,100,57000000,57000000,0.7,0.9,40
570,0.07,0.1111111111111111,0.11,4,0.15,0.7,0.55,28,50,240,321,1,100,57000000,57000000,0.7,0.6,30
571,0.07,0.1111111111111111,0.11,4,0.15,0.7,0.55,28,50,240,321,1,100,57000000,57000000,0.7,0.6,40
572,0.07,0.1111111111111111,0.11,4,0.15,0.7,0.55,28,50,240,321,1,100,57000000,57000000,0.7,0.8,30
573,0.07,0.1111111111111111,0.11,4,0.15,0.7,0.55,28,50,240,321,1,100,57000000,57000000,0.7,0.8,40
574,0.07,0.1111111111111111,0.11,4,0.15,0.7,0.55,28,50,240,321,1,100,57000000,57000000,0.7,0.9,30
575,0.07,0.1111111111111111,0.11,4,0.15,0.7,0.55,28,50,240,321,1,100,57000000,57000000,0.7,0.9,40
576,0.07,0.1111111111111111,0.11,9,0.085,0.5,0.55,28,50,240,321,1,100,57000000,57000000,0.7,0.6,30
577,0.07,0.1111111111111111,0.11,9,0.085,0.5,0.55,28,50,240,321,1,100,57000000,57000000,0.7,0.6,40
578,0.07,0.1111111111111111,0.11,9,0.085,0.5,0.55,28,50,240,321,1,100,57000000,57000000,0.7,0.8,30
579,0.07,0.1111111111111111,0.11,9,0.085,0.5,0.55,28,50,240,321,1,100,57000000,57000000,0.7,0.8,40
580,0.07,0.1111111111111111,0.11,9,0.085,0.5,0.55,28,50,240,321,1,100,57000000,57000000,0.7,0.9,30
581,0.07,0.1111111111111111,0.11,9,0.085,0.5,0.55,28,50,240,321,1,100,57000000,57000000,0.7,0.9,40
582,0.07,0.1111111111111111,0.11,9,0.085,0.7,0.55,28,50,240,321,1,100,57000000,57000000,0.7,0.6,30
583,0.07,0.1111111111111111,0.11,9,0.085,0.7,0.55,28,50,240,321,1,100,57000000,57000000,0.7,0.6,40
584,0.07,0.1111111111111111,0.11,9,0.085,0.7,0.55,28,50,240,321,1,100,57000000,57000000,0.7,0.8,30
585,0.07,0.1111111111111111,0.11,9,0.085,0.7,0.55,28,50,240,321,1,100,57000000,57000000,0.7,0.8,40
586,0.07,0.1111111111111111,0.11,9,0.085,0.7,0.55,28,50,240,321,1,100,57000000,57000000,0.7,0.9,30
587,0.07,0.1111111111111111,0.11,9,0.085,0.7,0.55,28,50,240,321,1,100,57000000,57000000,0.7,0.9,40
588,0.07,0.1111111111111111,0.11,9,0.1,0.5,0.55,28,50,240,321,1,100,57000000,57000000,0.7,0.6,30
589,0.07,0.1111111111111111,0.11,9,0.1,0.5,0.55,28,50,240,321,1,100,57000000,57000000,0.7,0.6,40
590,0.07,0.1111111111111111,0.11,9,0.1,0.5,0.55,28,50,240,321,1,100,57000000,57000000,0.7,0.8,30
591,0.07,0.1111111111111111,0.11,9,0.1,0.5,0.55,28,50,240,321,1,100,57000000,57000000,0.7,0.8,40
592,0.07,0.1111111111111111,0.11,9,0.1,0.5,0.55,28,50,240,321,1,100,57000000,57000000,0.7,0.9,30
593,0.07,0.1111111111111111,0.11,9,0.1,0.5,0.55,28,50,240,321,1,100,57000000,57000000,0.7,0.9,40
594,0.07,0.1111111111111111,0.11,9,0.1,0.7,0.55,28,50,240,321,1,100,57000000,57000000,0.7,0.6,30
595,0.07,0.1111111111111111,0.11,9,0.1,0.7,0.55,28,50,240,321,1,100,57000000,57000000,0.7,0.6,40
596,0.07,0.1111111111111111,0.11,9,0.1,0.7,0.55,28,50,240,321,1,100,57000000,57000000,0.7,0.8,30
597,0.07,0.1111111111111111,0.11,9,0.1,0.7,0.55,28,50,240,321,1,100,57000000,57000000,0.7,0.8,40
598,0.07,0.1111111111111111,0.11,9,0.1,0.7,0.55,28,50,240,321,1,100,57000000,57000000,0.7,0.9,30
599,0.07,0.1111111111111111,0.11,9,0.1,0.7,0.55,28,50,240,321,1,100,57000000,57000000,0.7,0.9,40
600,0.07,0.1111111111111111,0.11,9,0.15,0.5,0.55,28,50,240,321,1,100,57000000,57000000,0.7,0.6,30
601,0.07,0.1111111111111111,0.11,9,0.15,0.5,0.55,28,50,240,321,1,100,57000000,57000000,0.7,0.6,40
602,0.07,0.1111111111111111,0.11,9,0.15,0.5,0.55,28,50,240,321,1,100,57000000,57000000,0.7,0.8,30
603,0.07,0.1111111111111111,0.11,9,0.15,0.5,0.55,28,50,240,321,1,100,57000000,57000000,0.7,0.8,40
604,0.07,0.1111111111111111,0.11,9,0.15,0.5,0.55,28,50,240,321,1,100,57000000,57000000,0.7,0.9,30
605,0.07,0.1111111111111111,0.11,9,0.15,0.5,0.55,28,50,240,321,1,100,57000000,57000000,0.7,0.9,40
606,0.07,0.1111111111111111,0.11,9,0.15,0.7,0.55,28,50,240,321,1,100,57000000,57000000,0.7,0.6,30
607,0.07,0.1111111111111111,0.11,9,0.15,0.7,0.55,28,50,240,321,1,100,57000000,57000000,0.7,0.6,40
608,0.07,0.1111111111111111,0.11,9,0.15,0.7,0.55,28,50,240,321,1,100,57000000,57000000,0.7,0.8,30
609,0.07,0.1111111111111111,0.11,9,0.15,0.7,0.55,28,50,240,321,1,100,57000000,57000000,0.7,0.8,40
610,0.07,0.1111111111111111,0.11,9,0.15,0.7,0.55,28,50,240,321,1,100,57000000,57000000,0.7,0.9,30
611,0.07,0.1111111111111111,0.11,9,0.15,0.7,0.55,28,50,240,321,1,100,57000000,57000000,0.7,0.9,40
612,0.07,0.1111111111111111,0.11,16,0.085,0.5,0.55,28,50,240,321,1,100,57000000,57000000,0.7,0.6,30
613,0.07,0.1111111111111111,0.11,16,0.085,0.5,0.55,28,50,240,321,1,100,57000000,57000000,0.7,0.6,40
614,0.07,0.1111111111111111,0.11,16,0.085,0.5,0.55,28,50,240,321,1,100,57000000,57000000,0.7,0.8,30
615,0.07,0.1111111111111111,0.11,16,0.085,0.5,0.55,28,50,240,321,1,100,57000000,57000000,0.7,0.8,40
616,0.07,0.1111111111111111,0.11,16,0.085,0.5,0.55,28,50,240,321,1,100,57000000,57000000,0.7,0.9,30
617,0.07,0.1111111111111111,0.11,16,0.085,0.5,0.55,28,50,240,321,1,100,57000000,57000000,0.7,0.9,40
618,0.07,0.1111111111111111,0.11,16,0.085,0.7,0.55,28,50,240,321,1,100,57000000,57000000,0.7,0.6,30
619,0.07,0.1111111111111111,0.11,16,0.085,0.7,0.55,28,50,240,321,1,100,57000000,57000000,0.7,0.6,40
620,0.07,0.1111111111111111,0.11,16,0.085,0.7,0.55,28,50,240,321,1,100,57000000,57000000,0.7,0.8,30
621,0.07,0.1111111111111111,0.11,16,0.085,0.7,0.55,28,50,240,321,1,100,57000000,57000000,0.7,0.8,40
622,0.07,0.1111111111111111,0.11,16,0.085,0.7,0.55,28,50,240,321,1,100,57000000,57000000,0.7,0.9,30
623,0.07,0.1111111111111111,0.11,16,0.085,0.7,0.55,28,50,240,321,1,100,57000000,57000000,0.7,0.9,40
624,0.07,0.1111111111111111,0.11,16,0.1,0.5,0.55,28,50,240,321,1,100,57000000,57000000,0.7,0.6,30
625,0.07,0.1111111111111111,0.11,16,0.1,0.5,0.55,28,50,240,321,1,100,57000000,57000000,0.7,0.6,40
626,0.07,0.1111111111111111,0.11,16,0.1,0.5,0.55,28,50,240,321,1,100,57000000,57000000,0.7,0.8,30
627,0.07,0.1111111111111111,0.11,16,0.1,0.5,0.55,28,50,240,321,1,100,57000000,57000000,0.7,0.8,40
628,0.07,0.1111111111111111,0.11,16,0.1,0.5,0.55,28,50,240,321,1,100,57000000,57000000,0.7,0.9,30
629,0.07,0.1111111111111111,0.11,16,0.1,0.5,0.55,28,50,240,321,1,100,57000000,57000000,0.7,0.9,40
630,0.07,0.1111111111111111,0.11,16,0.1,0.7,0.55,28,50,240,321,1,100,57000000,57000000,0.7,0.6,30
631,0.07,0.1111111111111111,0.11,16,0.1,0.7,0.55,28,50,240,321,1,100,57000000,57000000,0.7,0.6,40
632,0.07,0.1111111111111111,0.11,16,0.1,0.7,0.55,28,50,240,321,1,100,57000000,57000000,0.7,0.8,30
633,0.07,0.1111111111111111,0.11,16,0.1,0.7,0.55,28,50,240,321,1,100,57000000,57000000,0.7,0.8,40
634,0.07,0.1111111111111111,0.11,16,0.1,0.7,0.55,28,50,240,321,1,100,57000000,57000000,0.7,0.9,30
635,0.07,0.1111111111111111,0.11,16,0.1,0.7,0.55,28,50,240,321,1,100,57000000,57000000,0.7,0.9,40
636,0.07,0.1111111111111111,0.11,16,0.15,0.5,0.55,28,50,240,321,1,100,57000000,57000000,0.7,0.6,30
637,0.07,0.1111111111111111,0.11,16,0.15,0.5,0.55,28,50,240,321,1,100,57000000,57000000,0.7,0.6,40
638,0.07,0.1111111111111111,0.11,16,0.15,0.5,0.55,28,50,240,321,1,100,57000000,57000000,0.7,0.8,30
639,0.07,0.1111111111111111,0.11,16,0.15,0.5,0.55,28,50,240,321,1,100,57000000,57000000,0.7,0.8,40
640,0.07,0.1111111111111111,0.11,16,0.15,0.5,0.55,28,50,240,321,1,100,57000000,57000000,0.7,0.9,30
641,0.07,0.1111111111111111,0.11,16,0.15,0.5,0.55,28,50,240,321,1,100,57000000,57000000,0.7,0.9,40
642,0.07,0.1111111111111111,0.11,16,0.15,0.7,0.55,28,50,240,321,1,100,57000000,57000000,0.7,0.6,30
643,0.07,0.1111111111111111,0.11,16,0.15,0.7,0.55,28,50,240,321,1,100,57000000,57000000,0.7,0.6,40
644,0.07,0.1111111111111111,0.11,16,0.15,0.7,0.55,28,50,240,321,1,100,57000000,57000000,0.7,0.8,30
645,0.07,0.1111111111111111,0.11,16,0.15,0.7,0.55,28,50,240,321,1,100,57000000,57000000,0.7,0.8,40
646,0.07,0.1111111111111111,0.11,16,0.15,0.7,0.55,28,50,240,321,1,100,57000000,57000000,0.7,0.9,30
647,0.07,0.1111111111111111,0.11,16,0.15,0.7,0.55,28,50,240,321,1,100,57000000,57000000,0.7,0.9,40
648,0.08,0.16666666666666666,0.11,4,0.085,0.5,0.55,28,50,240,321,1,100,57000000,57000000,0.7,0.6,30
649,0.08,0.16666666666666666,0.11,4,0.085,0.5,0.55,28,50,240,321,1,100,57000000,57000000,0.7,0.6,40
650,0.08,0.16666666666666666,0.11,4,0.085,0.5,0.55,28,50,240,321,1,100,57000000,57000000,0.7,0.8,30
651,0.08,0.16666666666666666,0.11,4,0.085,0.5,0.55,28,50,240,321,1,100,57000000,57000000,0.7,0.8,40
652,0.08,0.16666666666666666,0.11,4,0.085,0.5,0.55,28,50,240,321,1,100,57000000,57000000,0.7,0.9,30
653,0.08,0.16666666666666666,0.11,4,0.085,0.5,0.55,28,50,240,321,1,100,57000000,57000000,0.7,0.9,40
654,0.08,0.16666666666666666,0.11,4,0.085,0.7,0.55,28,50,240,321,1,100,57000000,57000000,0.7,0.6,30
655,0.08,0.16666666666666666,0.11,4,0.085,0.7,0.55,28,50,240,321,1,100,57000000,57000000,0.7,0.6,40
656,0.08,0.16666666666666666,0.11,4,0.085,0.7,0.55,28,50,240,321,1,100,57000000,57000000,0.7,0.8,30
657,0.08,0.16666666666666666,0.11,4,0.085,0.7,0.55,28,50,240,321,1,100,57000000,57000000,0.7,0.8,40
658,0.08,0.16666666666666666,0.11,4,0.085,0.7,0.55,28,50,240,321,1,100,57000000,57000000,0.7,0.9,30
659,0.08,0.16666666666666666,0.11,4,0.085,0.7,0.55,28,50,240,321,1,100,57000000,57000000,0.7,0.9,40
660,0.08,0.16666666666666666,0.11,4,0.1,0.5,0.55,28,50,240,321,1,100,57000000,57000000,0.7,0.6,30
661,0.08,0.16666666666666666,0.11,4,0.1,0.5,0.55,28,50,240,321,1,100,57000000,57000000,0.7,0.6,40
662,0.08,0.16666666666666666,0.11,4,0.1,0.5,0.55,28,50,240,321,1,100,57000000,57000000,0.7,0.8,30
663,0.08,0.16666666666666666,0.11,4,0.1,0.5,0.55,28,50,240,321,1,100,57000000,57000000,0.7,0.8,40
664,0.08,0.16666666666666666,0.11,4,0.1,0.5,0.55,28,50,240,321,1,100,57000000,57000000,0.7,0.9,30
665,0.08,0.16666666666666666,0.11,4,0.1,0.5,0.55,28,50,240,321,1,100,57000000,57000000,0.7,0.9,40
666,0.08,0.16666666666666666,0.11,4,0.1,0.7,0.55,28,50,240,321,1,100,57000000,57000000,0.7,0.6,30
667,0.08,0.16666666666666666,0.11,4,0.1,0.7,0.55,28,50,240,321,1,100,57000000,57000000,0.7,0.6,40
668,0.08,0.16666666666666666,0.11,4,0.1,0.7,0.55,28,50,240,321,1,100,57000000,57000000,0.7,0.8,30
669,0.08,0.16666666666666666,0.11,4,0.1,0.7,0.55,28,50,240,321,1,100,57000000,57000000,0.7,0.8,40
670,0.08,0.16666666666666666,0.11,4,0.1,0.7,0.55,28,50,240,321,1,100,57000000,57000000,0.7,0.9,30
671,0.08,0.16666666666666666,0.11,4,0.1,0.7,0.55,28,50,240,321,1,100,57000000,57000000,0.7,0.9,40
672,0.08,0.16666666666666666,0.11,4,0.15,0.5,0.55,28,50,240,321,1,100,57000000,57000000,0.7,0.6,30
673,0.08,0.16666666666666666,0.11,4,0.15,0.5,0.55,28,50,240,321,1,100,57000000,57000000,0.7,0.6,40
674,0.08,0.16666666666666666,0.11,4,0.15,0.5,0.55,28,50,240,321,1,100,57000000,57000000,0.7,0.8,30
675,0.08,0.16666666666666666,0.11,4,0.15,0.5,0.55,28,50,240,321,1,100,57000000,57000000,0.7,0.8,40
676,0.08,0.16666666666666666,0.11,4,0.15,0.5,0.55,28,50,240,321,1,100,57000000,57000000,0.7,0.9,30
677,0.08,0.16666666666666666,0.11,4,0.15,0.5,0.55,28,50,240,321,1,100,57000000,57000000,0.7,0.9,40
678,0.08,0.16666666666666666,0.11,4,0.15,0.7,0.55,28,50,240,321,1,100,57000000,57000000,0.7,0.6,30
679,0.08,0.16666666666666666,0.11,4,0.15,0.7,0.55,28,50,240,321,1,100,57000000,57000000,0.7,0.6,40
680,0.08,0.16666666666666666,0.11,4,0.15,0.7,0.55,28,50,240,321,1,100,57000000,57000000,0.7,0.8,30
681,0.08,0.16666666666666666,0.11,4,0.15,0.7,0.55,28,50,240,321,1,100,57000000,57000000,0.7,0.8,40
682,0.08,0.16666666666666666,0.11,4,0.15,0.7,0.55,28,50,240,321,1,100,57000000,57000000,0.7,0.9,30
683,0.08,0.16666666666666666,0.11,4,0.15,0.7,0.55,28,50,240,321,1,100,57000000,57000000,0.7,0.9,40
684,0.08,0.16666666666666666,0.11,9,0.085,0.5,0.55,28,50,240,321,1,100,57000000,57000000,0.7,0.6,30
685,0.08,0.16666666666666666,0.11,9,0.085,0.5,0.55,28,50,240,321,1,100,57000000,57000000,0.7,0.6,40
686,0.08,0.16666666666666666,0.11,9,0.085,0.5,0.55,28,50,240,321,1,100,57000000,57000000,0.7,0.8,30
687,0.08,0.16666666666666666,0.11,9,0.085,0.5,0.55,28,50,240,321,1,100,57000000,57000000,0.7,0.8,40
688,0.08,0.16666666666666666,0.11,9,0.085,0.5,0.55,28,50,240,321,1,100,57000000,57000000,0.7,0.9,30
689,0.08,0.16666666666666666,0.11,9,0.085,0.5,0.55,28,50,240,321,1,100,57000000,57000000,0.7,0.9,40
690,0.08,0.16666666666666666,0.11,9,0.085,0.7,0.55,28,50,240,321,1,100,57000000,57000000,0.7,0.6,30
691,0.08,0.16666666666666666,0.11,9,0.085,0.7,0.55,28,50,240,321,1,100,57000000,57000000,0.7,0.6,40
692,0.08,0.16666666666666666,0.11,9,0.085,0.7,0.55,28,50,240,321,1,100,57000000,57000000,0.7,0.8,30
693,0.08,0.16666666666666666,0.11,9,0.085,0.7,0.55,28,50,240,321,1,100,57000000,57000000,0.7,0.8,40
694,0.08,0.16666666666666666,0.11,9,0.085,0.7,0.55,28,50,240,321,1,100,57000000,57000000,0.7,0.9,30
695,0.08,0.16666666666666666,0.11,9,0.085,0.7,0.55,28,50,240,321,1,100,57000000,57000000,0.7,0.9,40
696,0.08,0.16666666666666666,0.11,9,0.1,0.5,0.55,28,50,240,321,1,100,57000000,57000000,0.7,0.6,30
697,0.08,0.16666666666666666,0.11,9,0.1,0.5,0.55,28,50,240,321,1,100,57000000,57000000,0.7,0.6,40
698,0.08,0.16666666666666666,0.11,9,0.1,0.5,0.55,28,50,240,321,1,100,57000000,57000000,0.7,0.8,30
699,0.08,0.16666666666666666,0.11,9,0.1,0.5,0.55,28,50,240,321,1,100,57000000,57000000,0.7,0.8,40
700,0.08,0.16666666666666666,0.11,9,0.1,0.5,0.55,28,50,240,321,1,100,57000000,57000000,0.7,0.9,30
701,0.08,0.16666666666666666,0.11,9,0.1,0.5,0.55,28,50,240,321,1,100,57000000,57000000,0.7,0.9,40
702,0.08,0.16666666666666666,0.11,9,0.1,0.7,0.55,28,50,240,321,1,100,57000000,57000000,0.7,0.6,30
703,0.08,0.16666666666666666,0.11,9,0.1,0.7,0.55,28,50,240,321,1,100,57000000,57000000,0.7,0.6,40
704,0.08,0.16666666666666666,0.11,9,0.1,0.7,0.55,28,50,240,321,1,100,57000000,57000000,0.7,0.8,30
705,0.08,0.16666666666666666,0.11,9,0.1,0.7,0.55,28,50,240,321,1,100,57000000,57000000,0.7,0.8,40
706,0.08,0.16666666666666666,0.11,9,0.1,0.7,0.55,28,50,240,321,1,100,57000000,57000000,0.7,0.9,30
707,0.08,0.16666666666666666,0.11,9,0.1,0.7,0.55,28,50,240,321,1,100,57000000,57000000,0.7,0.9,40
708,0.08,0.16666666666666666,0.11,9,0.15,0.5,0.55,28,50,240,321,1,100,57000000,57000000,0.7,0.6,30
709,0.08,0.16666666666666666,0.11,9,0.15,0.5,0.55,28,50,240,321,1,100,57000000,57000000,0.7,0.6,40
710,0.08,0.16666666666666666,0.11,9,0.15,0.5,0.55,28,50,240,321,1,100,57000000,57000000,0.7,0.8,30
711,0.08,0.16666666666666666,0.11,9,0.15,0.5,0.55,28,50,240,321,1,100,57000000,57000000,0.7,0.8,40
712,0.08,0.16666666666666666,0.11,9,0.15,0.5,0.55,28,50,240,321,1,100,57000000,57000000,0.7,0.9,30
713,0.08,0.16666666666666666,0.11,9,0.15,0.5,0.55,28,50,240,321,1,100,57000000,57000000,0.7,0.9,40
714,0.08,0.16666666666666666,0.11,9,0.15,0.7,0.55,28,50,240,321,1,100,57000000,57000000,0.7,0.6,30
715,0.08,0.16666666666666666,0.11,9,0.15,0.7,0.55,28,50,240,321,1,100,57000000,57000000,0.7,0.6,40
716,0.08,0.16666666666666666,0.11,9,0.15,0.7,0.55,28,50,240,321,1,100,57000000,57000000,0.7,0.8,30
717,0.08,0.16666666666666666,0.11,9,0.15,0.7,0.55,28,50,240,321,1,100,57000000,57000000,0.7,0.8,40
718,0.08,0.16666666666666666,0.11,9,0.15,0.7,0.55,28,50,240,321,1,100,57000000,57000000,0.7,0.9,30
719,0.08,0.16666666666666666,0.11,9,0.15,0.7,0.55,28,50,240,321,1,100,57000000,57000000,0.7,0.9,40
720,0.08,0.16666666666666666,0.11,16,0.085,0.5,0.55,28,50,240,321,1,100,57000000,57000000,0.7,0.6,30
721,0.08,0.16666666666666666,0.11,16,0.085,0.5,0.55,28,50,240,321,1,100,57000000,57000000,0.7,0.6,40
722,0.08,0.16666666666666666,0.11,16,0.085,0.5,0.55,28,50,240,321,1,100,57000000,57000000,0.7,0.8,30
723,0.08,0.16666666666666666,0.11,16,0.085,0.5,0.55,28,50,240,321,1,100,57000000,57000000,0.7,0.8,40
724,0.08,0.16666666666666666,0.11,16,0.085,0.5,0.55,28,50,240,321,1,100,57000000,57000000,0.7,0.9,30
725,0.08,0.16666666666666666,0.11,16,0.085,0.5,0.55,28,50,240,321,1,100,57000000,57000000,0.7,0.9,40
726,0.08,0.16666666666666666,0.11,16,0.085,0.7,0.55,28,50,240,321,1,100,57000000,57000000,0.7,0.6,30
727,0.08,0.16666666666666666,0.11,16,0.085,0.7,0.55,28,50,240,321,1,100,57000000,57000000,0.7,0.6,40
728,0.08,0.16666666666666666,0.11,16,0.085,0.7,0.55,28,50,240,321,1,100,57000000,57000000,0.7,0.8,30
729,0.08,0.16666666666666666,0.11,16,0.085,0.7,0.55,28,50,240,321,1,100,57000000,57000000,0.7,0.8,40
730,0.08,0.16666666666666666,0.11,16,0.085,0.7,0.55,28,50,240,321,1,100,57000000,57000000,0.7,0.9,30
731,0.08,0.16666666666666666,0.11,16,0.085,0.7,0.55,28,50,240,321,1,100,57000000,57000000,0.7,0.9,40
732,0.08,0.16666666666666666,0.11,16,0.1,0.5,0.55,28,50,240,321,1,100,57000000,57000000,0.7,0.6,30
733,0.08,0.16666666666666666,0.11,16,0.1,0.5,0.55,28,50,240,321,1,100,57000000,57000000,0.7,0.6,40
734,0.08,0.16666666666666666,0.11,16,0.1,0.5,0.55,28,50,240,321,1,100,57000000,57000000,0.7,0.8,30
735,0.08,0.16666666666666666,0.11,16,0.1,0.5,0.55,28,50,240,321,1,100,57000000,57000000,0.7,0.8,40
736,0.08,0.16666666666666666,0.11,16,0.1,0.5,0.55,28,50,240,321,1,100,57000000,57000000,0.7,0.9,30
737,0.08,0.16666666666666666,0.11,16,0.1,0.5,0.55,28,50,240,321,1,100,57000000,57000000,0.7,0.9,40
738,0.08,0.16666666666666666,0.11,16,0.1,0.7,0.55,28,50,240,321,1,100,57000000,57000000,0.7,0.6,30
739,0.08,0.16666666666666666,0.11,16,0.1,0.7,0.55,28,50,240,321,1,100,57000000,57000000,0.7,0.6,40
740,0.08,0.16666666666666666,0.11,16,0.1,0.7,0.55,28,50,240,321,1,100,57000000,57000000,0.7,0.8,30
741,0.08,0.16666666666666666,0.11,16,0.1,0.7,0.55,28,50,240,321,1,100,57000000,57000000,0.7,0.8,40
742,0.08,0.16666666666666666,0.11,16,0.1,0.7,0.55,28,50,240,321,1,100,57000000,57000000,0.7,0.9,30
743,0.08,0.16666666666666666,0.11,16,0.1,0.7,0.55,28,50,240,321,1,100,57000000,57000000,0.7,0.9,40
744,0.08,0.16666666666666666,0.11,16,0.15,0.5,0.55,28,50,240,321,1,100,57000000,57000000,0.7,0.6,30
745,0.08,0.16666666666666666,0.11,16,0.15,0.5,0.55,28,50,240,321,1,100,57000000,57000000,0.7,0.6,40
746,0.08,0.16666666666666666,0.11,16,0.15,0.5,0.55,28,50,240,321,1,100,57000000,57000000,0.7,0.8,30
747,0.08,0.16666666666666666,0.11,16,0.15,0.5,0.55,28,50,240,321,1,100,57000000,57000000,0.7,0.8,40
748,0.08,0.16666666666666666,0.11,16,0.15,0.5,0.55,28,50,240,321,1,100,57000000,57000000,0.7,0.9,30
749,0.08,0.16666666666666666,0.11,16,0.15,0.5,0.55,28,50,240,321,1,100,57000000,57000000,0.7,0.9,40
750,0.08,0.16666666666666666,0.11,16,0.15,0.7,0.55,28,50,240,321,1,100,57000000,57000000,0.7,0.6,30
751,0.08,0.16666666666666666,0.11,16,0.15,0.7,0.55,28,50,240,321,1,100,57000000,57000000,0.7,0.6,40
752,0.08,0.16666666666666666,0.11,16,0.15,0.7,0.55,28,50,240,321,1,100,57000000,57000000,0.7,0.8,30
753,0.08,0.16666666666666666,0.11,16,0.15,0.7,0.55,28,50,240,321,1,100,57000000,57000000,0.7,0.8,40
754,0.08,0.16666666666666666,0.11,16,0.15,0.7,0.55,28,50,240,321,1,100,57000000,57000000,0.7,0.9,30
755,0.08,0.16666666666666666,0.11,16,0.15,0.7,0.55,28,50,240,321,1,100,57000000,57000000,0.7,0.9,40
756,0.08,0.14285714285714285,0.11,4,0.085,0.5,0.55,28,50,240,321,1,100,57000000,57000000,0.7,0.6,30
757,0.08,0.14285714285714285,0.11,4,0.085,0.5,0.55,28,50,240,321,1,100,57000000,57000000,0.7,0.6,40
758,0.08,0.14285714285714285,0.11,4,0.085,0.5,0.55,28,50,240,321,1,100,57000000,57000000,0.7,0.8,30
759,0.08,0.14285714285714285,0.11,4,0.085,0.5,0.55,28,50,240,321,1,100,57000000,57000000,0.7,0.8,40
760,0.08,0.14285714285714285,0.11,4,0.085,0.5,0.55,28,50,240,321,1,100,57000000,57000000,0.7,0.9,30
761,0.08,0.14285714285714285,0.11,4,0.085,0.5,0.55,28,50,240,321,1,100,57000000,57000000,0.7,0.9,40
762,0.08,0.14285714285714285,0.11,4,0.085,0.7,0.55,28,50,240,321,1,100,57000000,57000000,0.7,0.6,30
763,0.08,0.14285714285714285,0.11,4,0.085,0.7,0.55,28,50,240,321,1,100,57000000,57000000,0.7,0.6,40
764,0.08,0.14285714285714285,0.11,4,0.085,0.7,0.55,28,50,240,321,1,100,57000000,57000000,0.7,0.8,30
765,0.08,0.14285714285714285,0.11,4,0.085,0.7,0.55,28,50,240,321,1,100,57000000,57000000,0.7,0.8,40
766,0.08,0.14285714285714285,0.11,4,0.085,0.7,0.55,28,50,240,321,1,100,57000000,57000000,0.7,0.9,30
767,0.08,0.14285714285714285,0.11,4,0.085,0.7,0.55,28,50,240,321,1,100,57000000,57000000,0.7,0.9,40
768,0.08,0.14285714285714285,0.11,4,0.1,0.5,0.55,28,50,240,321,1,100,57000000,57000000,0.7,0.6,30
769,0.08,0.14285714285714285,0.11,4,0.1,0.5,0.55,28,50,240,321,1,100,57000000,57000000,0.7,0.6,40
770,0.08,0.14285714285714285,0.11,4,0.1,0.5,0.55,28,50,240,321,1,100,57000000,57000000,0.7,0.8,30
771,0.08,0.14285714285714285,0.11,4,0.1,0.5,0.55,28,50,240,321,1,100,57000000,57000000,0.7,0.8,40
772,0.08,0.14285714285714285,0.11,4,0.1,0.5,0.55,28,50,240,321,1,100,57000000,57000000,0.7,0.9,30
773,0.08,0.14285714285714285,0.11,4,0.1,0.5,0.55,28,50,240,321,1,100,57000000,57000000,0.7,0.9,40
774,0.08,0.14285714285714285,0.11,4,0.1,0.7,0.55,28,50,240,321,1,100,57000000,57000000,0.7,0.6,30
775,0.08,0.14285714285714285,0.11,4,0.1,0.7,0.55,28,50,240,321,1,100,57000000,57000000,0.7,0.6,40
776,0.08,0.14285714285714285,0.11,4,0.1,0.7,0.55,28,50,240,321,1,100,57000000,57000000,0.7,0.8,30
777,0.08,0.14285714285714285,0.11,4,0.1,0.7,0.55,28,50,240,321,1,100,57000000,57000000,0.7,0.8,40
778,0.08,0.14285714285714285,0.11,4,0.1,0.7,0.55,28,50,240,321,1,100,57000000,57000000,0.7,0.9,30
779,0.08,0.14285714285714285,0.11,4,0.1,0.7,0.55,28,50,240,321,1,100,57000000,57000000,0.7,0.9,40
780,0.08,0.14285714285714285,0.11,4,0.15,0.5,0.55,28,50,240,321,1,100,57000000,57000000,0.7,0.6,30
781,0.08,0.14285714285714285,0.11,4,0.15,0.5,0.55,28,50,240,321,1,100,57000000,57000000,0.7,0.6,40
782,0.08,0.14285714285714285,0.11,4,0.15,0.5,0.55,28,50,240,321,1,100,57000000,57000000,0.7,0.8,30
783,0.08,0.14285714285714285,0.11,4,0.15,0.5,0.55,28,50,240,321,1,100,57000000,57000000,0.7,0.8,40
784,0.08,0.14285714285714285,0.11,4,0.15,0.5,0.55,28,50,240,321,1,100,57000000,57000000,0.7,0.9,30
785,0.08,0.14285714285714285,0.11,4,0.15,0.5,0.55,28,50,240,321,1,100,57000000,57000000,0.7,0.9,40
786,0.08,0.14285714285714285,0.11,4,0.15,0.7,0.55,28,50,240,321,1,100,57000000,57000000,0.7,0.6,30
787,0.08,0.14285714285714285,0.11,4,0.15,0.7,0.55,28,50,240,321,1,100,57000000,57000000,0.7,0.6,40
788,0.08,0.14285714285714285,0.11,4,0.15,0.7,0.55,28,50,240,321,1,100,57000000,57000000,0.7,0.8,30
789,0.08,0.14285714285714285,0.11,4,0.15,0.7,0.55,28,50,240,321,1,100,57000000,57000000,0.7,0.8,40
790,0.08,0.14285714285714285,0.11,4,0.15,0.7,0.55,28,50,240,321,1,100,57000000,57000000,0.7,0.9,30
791,0.08,0.14285714285714285,0.11,4,0.15,0.7,0.55,28,50,240,321,1,100,57000000,57000000,0.7,0.9,40
792,0.08,0.14285714285714285,0.11,9,0.085,0.5,0.55,28,50,240,321,1,100,57000000,57000000,0.7,0.6,30
793,0.08,0.14285714285714285,0.11,9,0.085,0.5,0.55,28,50,240,321,1,100,57000000,57000000,0.7,0.6,40
794,0.08,0.14285714285714285,0.11,9,0.085,0.5,0.55,28,50,240,321,1,100,57000000,57000000,0.7,0.8,30
795,0.08,0.14285714285714285,0.11,9,0.085,0.5,0.55,28,50,240,321,1,100,57000000,57000000,0.7,0.8,40
796,0.08,0.14285714285714285,0.11,9,0.085,0.5,0.55,28,50,240,321,1,100,57000000,57000000,0.7,0.9,30
797,0.08,0.14285714285714285,0.11,9,0.085,0.5,0.55,28,50,240,321,1,100,57000000,57000000,0.7,0.9,40
798,0.08,0.14285714285714285,0.11,9,0.085,0.7,0.55,28,50,240,321,1,100,57000000,57000000,0.7,0.6,30
799,0.08,0.14285714285714285,0.11,9,0.085,0.7,0.55,28,50,240,321,1,100,57000000,57000000,0.7,0.6,40
800,0.08,0.14285714285714285,0.11,9,0.085,0.7,0.55,28,50,240,321,1,100,57000000,57000000,0.7,0.8,30
801,0.08,0.14285714285714285,0.11,9,0.085,0.7,0.55,28,50,240,321,1,100,57000000,57000000,0.7,0.8,40
802,0.08,0.14285714285714285,0.11,9,0.085,0.7,0.55,28,50,240,321,1,100,57000000,57000000,0.7,0.9,30
803,0.08,0.14285714285714285,0.11,9,0.085,0.7,0.55,28,50,240,321,1,100,57000000,57000000,0.7,0.9,40
804,0.08,0.14285714285714285,0.11,9,0.1,0.5,0.55,28,50,240,321,1,100,57000000,57000000,0.7,0.6,30
805,0.08,0.14285714285714285,0.11,9,0.1,0.5,0.55,28,50,240,321,1,100,57000000,57000000,0.7,0.6,40
806,0.08,0.14285714285714285,0.11,9,0.1,0.5,0.55,28,50,240,321,1,100,57000000,57000000,0.7,0.8,30
807,0.08,0.14285714285714285,0.11,9,0.1,0.5,0.55,28,50,240,321,1,100,57000000,57000000,0.7,0.8,40
808,0.08,0.14285714285714285,0.11,9,0.1,0.5,0.55,28,50,240,321,1,100,57000000,57000000,0.7,0.9,30
809,0.08,0.14285714285714285,0.11,9,0.1,0.5,0.55,28,50,240,321,1,100,57000000,57000000,0.7,0.9,40
810,0.08,0.14285714285714285,0.11,9,0.1,0.7,0.55,28,50,240,321,1,100,57000000,57000000,0.7,0.6,30
811,0.08,0.14285714285714285,0.11,9,0.1,0.7,0.55,28,50,240,321,1,100,57000000,57000000,0.7,0.6,40
812,0.08,0.14285714285714285,0.11,9,0.1,0.7,0.55,28,50,240,321,1,100,57000000,57000000,0.7,0.8,30
813,0.08,0.14285714285714285,0.11,9,0.1,0.7,0.55,28,50,240,321,1,100,57000000,57000000,0.7,0.8,40
814,0.08,0.14285714285714285,0.11,9,0.1,0.7,0.55,28,50,240,321,1,100,57000000,57000000,0.7,0.9,30
815,0.08,0.14285714285714285,0.11,9,0.1,0.7,0.55,28,50,240,321,1,100,57000000,57000000,0.7,0.9,40
816,0.08,0.14285714285714285,0.11,9,0.15,0.5,0.55,28,50,240,321,1,100,57000000,57000000,0.7,0.6,30
817,0.08,0.14285714285714285,0.11,9,0.15,0.5,0.55,28,50,240,321,1,100,57000000,57000000,0.7,0.6,40
818,0.08,0.14285714285714285,0.11,9,0.15,0.5,0.55,28,50,240,321,1,100,57000000,57000000,0.7,0.8,30
819,0.08,0.14285714285714285,0.11,9,0.15,0.5,0.55,28,50,240,321,1,100,57000000,57000000,0.7,0.8,40
820,0.08,0.14285714285714285,0.11,9,0.15,0.5,0.55,28,50,240,321,1,100,57000000,57000000,0.7,0.9,30
821,0.08,0.14285714285714285,0.11,9,0.15,0.5,0.55,28,50,240,321,1,100,57000000,57000000,0.7,0.9,40
822,0.08,0.14285714285714285,0.11,9,0.15,0.7,0.55,28,50,240,321,1,100,57000000,57000000,0.7,0.6,30
823,0.08,0.14285714285714285,0.11,9,0.15,0.7,0.55,28,50,240,321,1,100,57000000,57000000,0.7,0.6,40
824,0.08,0.14285714285714285,0.11,9,0.15,0.7,0.55,28,50,240,321,1,100,57000000,57000000,0.7,0.8,30
825,0.08,0.14285714285714285,0.11,9,0.15,0.7,0.55,28,50,240,321,1,100,57000000,57000000,0.7,0.8,40
826,0.08,0.14285714285714285,0.11,9,0.15,0.7,0.55,28,50,240,321,1,100,57000000,57000000,0.7,0.9,30
827,0.08,0.14285714285714285,0.11,9,0.15,0.7,0.55,28,50,240,321,1,100,57000000,57000000,0.7,0.9,40
828,0.08,0.14285714285714285,0.11,16,0.085,0.5,0.55,28,50,240,321,1,100,57000000,57000000,0.7,0.6,30
829,0.08,0.14285714285714285,0.11,16,0.085,0.5,0.55,28,50,240,321,1,100,57000000,57000000,0.7,0.6,40
830,0.08,0.14285714285714285,0.11,16,0.085,0.5,0.55,28,50,240,321,1,100,57000000,57000000,0.7,0.8,30
831,0.08,0.14285714285714285,0.11,16,0.085,0.5,0.55,28,50,240,321,1,100,57000000,57000000,0.7,0.8,40
832,0.08,0.14285714285714285,0.11,16,0.085,0.5,0.55,28,50,240,321,1,100,57000000,57000000,0.7,0.9,30
833,0.08,0.14285714285714285,0.11,16,0.085,0.5,0.55,28,50,240,321,1,100,57000000,57000000,0.7,0.9,40
834,0.08,0.14285714285714285,0.11,16,0.085,0.7,0.55,28,50,240,321,1,100,57000000,57000000,0.7,0.6,30
835,0.08,0.14285714285714285,0.11,16,0.085,0.7,0.55,28,50,240,321,1,100,57000000,57000000,0.7,0.6,40
836,0.08,0.14285714285714285,0.11,16,0.085,0.7,0.55,28,50,240,321,1,100,57000000,57000000,0.7,0.8,30
837,0.08,0.14285714285714285,0.11,16,0.085,0.7,0.55,28,50,240,321,1,100,57000000,57000000,0.7,0.8,40
838,0.08,0.14285714285714285,0.11,16,0.085,0.7,0.55,28,50,240,321,1,100,57000000,57000000,0.7,0.9,30
839,0.08,0.14285714285714285,0.11,16,0.085,0.7,0.55,28,50,240,321,1,100,57000000,57000000,0.7,0.9,40
840,0.08,0.14285714285714285,0.11,16,0.1,0.5,0.55,28,50,240,321,1,100,57000000,57000000,0.7,0.6,30
841,0.08,0.14285714285714285,0.11,16,0.1,0.5,0.55,28,50,240,321,1,100,57000000,57000000,0.7,0.6,40
842,0.08,0.14285714285714285,0.11,16,0.1,0.5,0.55,28,50,240,321,1,100,57000000,57000000,0.7,0.8,30
843,0.08,0.14285714285714285,0.11,16,0.1,0.5,0.55,28,50,240,321,1,100,57000000,57000000,0.7,0.8,40
844,0.08,0.14285714285714285,0.11,16,0.1,0.5,0.55,28,50,240,321,1,100,57000000,57000000,0.7,0.9,30
845,0.08,0.14285714285714285,0.11,16,0.1,0.5,0.55,28,50,240,321,1,100,57000000,57000000,0.7,0.9,40
846,0.08,0.14285714285714285,0.11,16,0.1,0.7,0.55,28,50,240,321,1,100,57000000,57000000,0.7,0.6,30
847,0.08,0.14285714285714285,0.11,16,0.1,0.7,0.55,28,50,240,321,1,100,57000000,57000000,0.7,0.6,40
848,0.08,0.14285714285714285,0.11,16,0.1,0.7,0.55,28,50,240,321,1,100,57000000,57000000,0.7,0.8,30
849,0.08,0.14285714285714285,0.11,16,0.1,0.7,0.55,28,50,240,321,1,100,57000000,57000000,0.7,0.8,40
850,0.08,0.14285714285714285,0.11,16,0.1,0.7,0.55,28,50,240,321,1,100,57000000,57000000,0.7,0.9,30
851,0.08,0.14285714285714285,0.11,16,0.1,0.7,0.55,28,50,240,321,1,100,57000000,57000000,0.7,0.9,40
852,0.08,0.14285714285714285,0.11,16,0.15,0.5,0.55,28,50,240,321,1,100,57000000,57000000,0.7,0.6,30
853,0.08,0.14285714285714285,0.11,16,0.15,0.5,0.55,28,50,240,321,1,100,57000000,57000000,0.7,0.6,40
854,0.08,0.14285714285714285,0.11,16,0.15,0.5,0.55,28,50,240,321,1,100,57000000,57000000,0.7,0.8,30
855,0.08,0.14285714285714285,0.11,16,0.15,0.5,0.55,28,50,240,321,1,100,57000000,57000000,0.7,0.8,40
856,0.08,0.14285714285714285,0.11,16,0.15,0.5,0.55,28,50,240,321,1,100,57000000,57000000,0.7,0.9,30
857,0.08,0.14285714285714285,0.11,16,0.15,0.5,0.55,28,50,240,321,1,100,57000000,57000000,0.7,0.9,40
858,0.08,0.14285714285714285,0.11,16,0.15,0.7,0.55,28,50,240,321,1,100,57000000,57000000,0.7,0.6,30
859,0.08,0.14285714285714285,0.11,16,0.15,0.7,0.55,28,50,240,321,1,100,57000000,57000000,0.7,0.6,40
860,0.08,0.14285714285714285,0.11,16,0.15,0.7,0.55,28,50,240,321,1,100,57000000,57000000,0.7,0.8,30
861,0.08,0.14285714285714285,0.11,16,0.15,0.7,0.55,28,50,240,321,1,100,57000000,57000000,0.7,0.8,40
862,0.08,0.14285714285714285,0.11,16,0.15,0.7,0.55,28,50,240,321,1,100,57000000,57000000,0.7,0.9,30
863,0.08,0.14285714285714285,0.11,16,0.15,0.7,0.55,28,50,240,321,1,100,57000000,57000000,0.7,0.9,40
864,0.08,0.1111111111111111,0.11,4,0.085,0.5,0.55,28,50,240,321,1,100,57000000,57000000,0.7,0.6,30
865,0.08,0.1111111111111111,0.11,4,0.085,0.5,0.55,28,50,240,321,1,100,57000000,57000000,0.7,0.6,40
866,0.08,0.1111111111111111,0.11,4,0.085,0.5,0.55,28,50,240,321,1,100,57000000,57000000,0.7,0.8,30
867,0.08,0.1111111111111111,0.11,4,0.085,0.5,0.55,28,50,240,321,1,100,57000000,57000000,0.7,0.8,40
868,0.08,0.1111111111111111,0.11,4,0.085,0.5,0.55,28,50,240,321,1,100,57000000,57000000,0.7,0.9,30
869,0.08,0.1111111111111111,0.11,4,0.085,0.5,0.55,28,50,240,321,1,100,57000000,57000000,0.7,0.9,40
870,0.08,0.1111111111111111,0.11,4,0.085,0.7,0.55,28,50,240,321,1,100,57000000,57000000,0.7,0.6,30
871,0.08,0.1111111111111111,0.11,4,0.085,0.7,0.55,28,50,240,321,1,100,57000000,57000000,0.7,0.6,40
872,0.08,0.1111111111111111,0.11,4,0.085,0.7,0.55,28,50,240,321,1,100,57000000,57000000,0.7,0.8,30
873,0.08,0.1111111111111111,0.11,4,0.085,0.7,0.55,28,50,240,321,1,100,57000000,57000000,0.7,0.8,40
874,0.08,0.1111111111111111,0.11,4,0.085,0.7,0.55,28,50,240,321,1,100,57000000,57000000,0.7,0.9,30
875,0.08,0.1111111111111111,0.11,4,0.085,0.7,0.55,28,50,240,321,1,100,57000000,57000000,0.7,0.9,40
876,0.08,0.1111111111111111,0.11,4,0.1,0.5,0.55,28,50,240,321,1,100,57000000,57000000,0.7,0.6,30
877,0.08,0.1111111111111111,0.11,4,0.1,0.5,0.55,28,50,240,321,1,100,57000000,57000000,0.7,0.6,40
878,0.08,0.1111111111111111,0.11,4,0.1,0.5,0.55,28,50,240,321,1,100,57000000,57000000,0.7,0.8,30
879,0.08,0.1111111111111111,0.11,4,0.1,0.5,0.55,28,50,240,321,1,100,57000000,57000000,0.7,0.8,40
880,0.08,0.1111111111111111,0.11,4,0.1,0.5,0.55,28,50,240,321,1,100,57000000,57000000,0.7,0.9,30
881,0.08,0.1111111111111111,0.11,4,0.1,0.5,0.55,28,50,240,321,1,100,57000000,57000000,0.7,0.9,40
882,0.08,0.1111111111111111,0.11,4,0.1,0.7,0.55,28,50,240,321,1,100,57000000,57000000,0.7,0.6,30
883,0.08,0.1111111111111111,0.11,4,0.1,0.7,0.55,28,50,240,321,1,100,57000000,57000000,0.7,0.6,40
884,0.08,0.1111111111111111,0.11,4,0.1,0.7,0.55,28,50,240,321,1,100,57000000,57000000,0.7,0.8,30
885,0.08,0.1111111111111111,0.11,4,0.1,0.7,0.55,28,50,240,321,1,100,57000000,57000000,0.7,0.8,40
886,0.08,0.1111111111111111,0.11,4,0.1,0.7,0.55,28,50,240,321,1,100,57000000,57000000,0.7,0.9,30
887,0.08,0.1111111111111111,0.11,4,0.1,0.7,0.55,28,50,240,321,1,100,57000000,57000000,0.7,0.9,40
888,0.08,0.1111111111111111,0.11,4,0.15,0.5,0.55,28,50,240,321,1,100,57000000,57000000,0.7,0.6,30
889,0.08,0.1111111111111111,0.11,4,0.15,0.5,0.55,28,50,240,321,1,100,57000000,57000000,0.7,0.6,40
890,0.08,0.1111111111111111,0.11,4,0.15,0.5,0.55,28,50,240,321,1,100,57000000,57000000,0.7,0.8,30
891,0.08,0.1111111111111111,0.11,4,0.15,0.5,0.55,28,50,240,321,1,100,57000000,57000000,0.7,0.8,40
892,0.08,0.1111111111111111,0.11,4,0.15,0.5,0.55,28,50,240,321,1,100,57000000,57000000,0.7,0.9,30
893,0.08,0.1111111111111111,0.11,4,0.15,0.5,0.55,28,50,240,321,1,100,57000000,57000000,0.7,0.9,40
894,0.08,0.1111111111111111,0.11,4,0.15,0.7,0.55,28,50,240,321,1,100,57000000,57000000,0.7,0.6,30
895,0.08,0.1111111111111111,0.11,4,0.15,0.7,0.55,28,50,240,321,1,100,57000000,57000000,0.7,0.6,40
896,0.08,0.1111111111111111,0.11,4,0.15,0.7,0.55,28,50,240,321,1,100,57000000,57000000,0.7,0.8,30
897,0.08,0.1111111111111111,0.11,4,0.15,0.7,0.55,28,50,240,321,1,100,57000000,57000000,0.7,0.8,40
898,0.08,0.1111111111111111,0.11,4,0.15,0.7,0.55,28,50,240,321,1,100,57000000,57000000,0.7,0.9,30
899,0.08,0.1111111111111111,0.11,4,0.15,0.7,0.55,28,50,240,321,1,100,57000000,57000000,0.7,0.9,40
900,0.08,0.1111111111111111,0.11,9,0.085,0.5,0.55,28,50,240,321,1,100,57000000,57000000,0.7,0.6,30
901,0.08,0.1111111111111111,0.11,9,0.085,0.5,0.55,28,50,240,321,1,100,57000000,57000000,0.7,0.6,40
902,0.08,0.1111111111111111,0.11,9,0.085,0.5,0.55,28,50,240,321,1,100,57000000,57000000,0.7,0.8,30
903,0.08,0.1111111111111111,0.11,9,0.085,0.5,0.55,28,50,240,321,1,100,57000000,57000000,0.7,0.8,40
904,0.08,0.1111111111111111,0.11,9,0.085,0.5,0.55,28,50,240,321,1,100,57000000,57000000,0.7,0.9,30
905,0.08,0.1111111111111111,0.11,9,0.085,0.5,0.55,28,50,240,321,1,100,57000000,57000000,0.7,0.9,40
906,0.08,0.1111111111111111,0.11,9,0.085,0.7,0.55,28,50,240,321,1,100,57000000,57000000,0.7,0.6,30
907,0.08,0.1111111111111111,0.11,9,0.085,0.7,0.55,28,50,240,321,1,100,57000000,57000000,0.7,0.6,40
908,0.08,0.1111111111111111,0.11,9,0.085,0.7,0.55,28,50,240,321,1,100,57000000,57000000,0.7,0.8,30
909,0.08,0.1111111111111111,0.11,9,0.085,0.7,0.55,28,50,240,321,1,100,57000000,57000000,0.7,0.8,40
910,0.08,0.1111111111111111,0.11,9,0.085,0.7,0.55,28,50,240,321,1,100,57000000,57000000,0.7,0.9,30
911,0.08,0.1111111111111111,0.11,9,0.085,0.7,0.55,28,50,240,321,1,100,57000000,57000000,0.7,0.9,40
912,0.08,0.1111111111111111,0.11,9,0.1,0.5,0.55,28,50,240,321,1,100,57000000,57000000,0.7,0.6,30
913,0.08,0.1111111111111111,0.11,9,0.1,0.5,0.55,28,50,240,321,1,100,57000000,57000000,0.7,0.6,40
914,0.08,0.1111111111111111,0.11,9,0.1,0.5,0.55,28,50,240,321,1,100,57000000,57000000,0.7,0.8,30
915,0.08,0.1111111111111111,0.11,9,0.1,0.5,0.55,28,50,240,321,1,100,57000000,57000000,0.7,0.8,40
916,0.08,0.1111111111111111,0.11,9,0.1,0.5,0.55,28,50,240,321,1,100,57000000,57000000,0.7,0.9,30
917,0.08,0.1111111111111111,0.11,9,0.1,0.5,0.55,28,50,240,321,1,100,57000000,57000000,0.7,0.9,40
918,0.08,0.1111111111111111,0.11,9,0.1,0.7,0.55,28,50,240,321,1,100,57000000,57000000,0.7,0.6,30
919,0.08,0.1111111111111111,0.11,9,0.1,0.7,0.55,28,50,240,321,1,100,57000000,57000000,0.7,0.6,40
920,0.08,0.1111111111111111,0.11,9,0.1,0.7,0.55,28,50,240,321,1,100,57000000,57000000,0.7,0.8,30
921,0.08,0.1111111111111111,0.11,9,0.1,0.7,0.55,28,50,240,321,1,100,57000000,57000000,0.7,0.8,40
922,0.08,0.1111111111111111,0.11,9,0.1,0.7,0.55,28,50,240,321,1,100,57000000,57000000,0.7,0.9,30
923,0.08,0.1111111111111111,0.11,9,0.1,0.7,0.55,28,50,240,321,1,100,57000000,57000000,0.7,0.9,40
924,0.08,0.1111111111111111,0.11,9,0.15,0.5,0.55,28,50,240,321,1,100,57000000,57000000,0.7,0.6,30
925,0.08,0.1111111111111111,0.11,9,0.15,0.5,0.55,28,50,240,321,1,100,57000000,57000000,0.7,0.6,40
926,0.08,0.1111111111111111,0.11,9,0.15,0.5,0.55,28,50,240,321,1,100,57000000,57000000,0.7,0.8,30
927,0.08,0.1111111111111111,0.11,9,0.15,0.5,0.55,28,50,240,321,1,100,57000000,57000000,0.7,0.8,40
928,0.08,0.1111111111111111,0.11,9,0.15,0.5,0.55,28,50,240,321,1,100,57000000,57000000,0.7,0.9,30
929,0.08,0.1111111111111111,0.11,9,0.15,0.5,0.55,28,50,240,321,1,100,57000000,57000000,0.7,0.9,40
930,0.08,0.1111111111111111,0.11,9,0.15,0.7,0.55,28,50,240,321,1,100,57000000,57000000,0.7,0.6,30
931,0.08,0.1111111111111111,0.11,9,0.15,0.7,0.55,28,50,240,321,1,100,57000000,57000000,0.7,0.6,40
932,0.08,0.1111111111111111,0.11,9,0.15,0.7,0.55,28,50,240,321,1,100,57000000,57000000,0.7,0.8,30
933,0.08,0.1111111111111111,0.11,9,0.15,0.7,0.55,28,50,240,321,1,100,57000000,57000000,0.7,0.8,40
934,0.08,0.1111111111111111,0.11,9,0.15,0.7,0.55,28,50,240,321,1,100,57000000,57000000,0.7,0.9,30
935,0.08,0.1111111111111111,0.11,9,0.15,0.7,0.55,28,50,240,321,1,100,57000000,57000000,0.7,0.9,40
936,0.08,0.1111111111111111,0.11,16,0.085,0.5,0.55,28,50,240,321,1,100,57000000,57000000,0.7,0.6,30
937,0.08,0.1111111111111111,0.11,16,0.085,0.5,0.55,28,50,240,321,1,100,57000000,57000000,0.7,0.6,40
938,0.08,0.1111111111111111,0.11,16,0.085,0.5,0.55,28,50,240,321,1,100,57000000,57000000,0.7,0.8,30
939,0.08,0.1111111111111111,0.11,16,0.085,0.5,0.55,28,50,240,321,1,100,57000000,57000000,0.7,0.8,40
940,0.08,0.1111111111111111,0.11,16,0.085,0.5,0.55,28,50,240,321,1,100,57000000,57000000,0.7,0.9,30
941,0.08,0.1111111111111111,0.11,16,0.085,0.5,0.55,28,50,240,321,1,100,57000000,57000000,0.7,0.9,40
942,0.08,0.1111111111111111,0.11,16,0.085,0.7,0.55,28,50,240,321,1,100,57000000,57000000,0.7,0.6,30
943,0.08,0.1111111111111111,0.11,16,0.085,0.7,0.55,28,50,240,321,1,100,57000000,57000000,0.7,0.6,40
944,0.08,0.1111111111111111,0.11,16,0.085,0.7,0.55,28,50,240,321,1,100,57000000,57000000,0.7,0.8,30
945,0.08,0.1111111111111111,0.11,16,0.085,0.7,0.55,28,50,240,321,1,100,57000000,57000000,0.7,0.8,40
946,0.08,0.1111111111111111,0.11,16,0.085,0.7,0.55,28,50,240,321,1,100,57000000,57000000,0.7,0.9,30
947,0.08,0.1111111111111111,0.11,16,0.085,0.7,0.55,28,50,240,321,1,100,57000000,57000000,0.7,0.9,40
948,0.08,0.1111111111111111,0.11,16,0.1,0.5,0.55,28,50,240,321,1,100,57000000,57000000,0.7,0.6,30
949,0.08,0.1111111111111111,0.11,16,0.1,0.5,0.55,28,50,240,321,1,100,57000000,57000000,0.7,0.6,40
950,0.08,0.1111111111111111,0.11,16,0.1,0.5,0.55,28,50,240,321,1,100,57000000,57000000,0.7,0.8,30
951,0.08,0.1111111111111111,0.11,16,0.1,0.5,0.55,28,50,240,321,1,100,57000000,57000000,0.7,0.8,40
952,0.08,0.1111111111111111,0.11,16,0.1,0.5,0.55,28,50,240,321,1,100,57000000,57000000,0.7,0.9,30
953,0.08,0.1111111111111111,0.11,16,0.1,0.5,0.55,28,50,240,321,1,100,57000000,57000000,0.7,0.9,40
954,0.08,0.1111111111111111,0.11,16,0.1,0.7,0.55,28,50,240,321,1,100,57000000,57000000,0.7,0.6,30
955,0.08,0.1111111111111111,0.11,16,0.1,0.7,0.55,28,50,240,321,1,100,57000000,57000000,0.7,0.6,40
956,0.08,0.1111111111111111,0.11,16,0.1,0.7,0.55,28,50,240,321,1,100,57000000,57000000,0.7,0.8,30
957,0.08,0.1111111111111111,0.11,16,0.1,0.7,0.55,28,50,240,321,1,100,57000000,57000000,0.7,0.8,40
958,0.08,0.1111111111111111,0.11,16,0.1,0.7,0.55,28,50,240,321,1,100,57000000,57000000,0.7,0.9,30
959,0.08,0.1111111111111111,0.11,16,0.1,0.7,0.55,28,50,240,321,1,100,57000000,57000000,0.7,0.9,40
960,0.08,0.1111111111111111,0.11,16,0.15,0.5,0.55,28,50,240,321,1,100,57000000,57000000,0.7,0.6,30
961,0.08,0.1111111111111111,0.11,16,0.15,0.5,0.55,28,50,240,321,1,100,57000000,57000000,0.7,0.6,40
962,0.08,0.1111111111111111,0.11,16,0.15,0.5,0.55,28,50,240,321,1,100,57000000,57000000,0.7,0.8,30
963,0.08,0.1111111111111111,0.11,16,0.15,0.5,0.55,28,50,240,321,1,100,57000000,57000000,0.7,0.8,40
964,0.08,0.1111111111111111,0.11,16,0.15,0.5,0.55,28,50,240,321,1,100,57000000,57000000,0.7,0.9,30
965,0.08,0.1111111111111111,0.11,16,0.15,0.5,0.55,28,50,240,321,1,100,57000000,57000000,0.7,0.9,40
966,0.08,0.1111111111111111,0.11,16,0.15,0.7,0.55,28,50,240,321,1,100,57000000,57000000,0.7,0.6,30
967,0.08,0.1111111111111111,0.11,16,0.15,0.7,0.55,28,50,240,321,1,100,57000000,57000000,0.7,0.6,40
968,0.08,0.1111111111111111,0.11,16,0.15,0.7,0.55,28,50,240,321,1,100,57000000,57000000,0.7,0.8,30
969,0.08,0.1111111111111111,0.11,16,0.15,0.7,0.55,28,50,240,321,1,100,57000000,57000000,0.7,0.8,40
970,0.08,0.1111111111111111,0.11,16,0.15,0.7,0.55,28,50,240,321,1,100,57000000,57000000,0.7,0.9,30
971,0.08,0.1111111111111111,0.11,16,0.15,0.7,0.55,28,50,240,321,1,100,57000000,57000000,0.7,0.9,40
